question_id,area,standard,question_type,question,reference_answer,majority_label,judge_Nemotron 3 Super 120b a12,judge_Gemini Flash 3,judge_OSS 120b,rationale_Gemini Flash 3,rationale_Nemotron 3 Super 120b a12,rationale_OSS 120b,drop_reason
MS-PS1-002,MS-PS1,MS-PS1-1,recall,What does the subscript number in a chemical formula mean?,"The subscript number in a chemical formula tells you how many atoms of that element are in one molecule. For example, the '2' in H₂O means there are 2 hydrogen atoms.",1,0,1,1,"The answer correctly and clearly explains that a subscript indicates the number of atoms of a specific element within a chemical formula, which aligns with the requirements of MS-PS1-1.","The answer correctly describes subscripts for molecules but omits that they also indicate the ratio of atoms in formula units for extended structures, making it incomplete for the standard.","The answer correctly explains that the subscript indicates the number of atoms of that element in a molecule, which fully addresses the question.",judge_disagreement
MS-PS1-044,MS-PS1,MS-PS1-6,applied,"If you pour water onto calcium chloride (a road salt) and the mixture gets warm, could this reaction be used in a self-heating food package? Why or why not?","Yes, because the reaction between calcium chloride and water is exothermic, meaning it releases thermal energy that could heat food in a sealed package without needing a stove or flame.",1,1,1,0,"The answer correctly identifies the exothermic nature of the calcium chloride and water reaction and explains its practical application in a self-heating device, which aligns with the standard's focus on using chemical processes for design solutions.",The answer correctly identifies the exothermic dissolution of calcium chloride as a source of heat suitable for a self-heating food package.,"The answer merely states the reaction is exothermic without addressing practical feasibility, safety, or design considerations, so it is incomplete.",judge_disagreement
MS-PS2-010,MS-PS2,MS-PS2-4,recall,Do objects have to be touching for gravity to act between them?,"No, gravity acts over a distance without the objects touching, making it a non-contact force.",1,1,1,0,"The answer accurately identifies gravity as a non-contact force that acts over a distance, which is a fundamental characteristic of gravitational interactions defined in MS-PS2-4.","The answer correctly states that gravity acts over a distance without contact, which directly answers the question and supports the evidence needed for the standard.","While correct that gravity is a non-contact force, the answer omits the required explanation that gravity is always attractive and depends on the masses of the objects, which is needed for the standard.",judge_disagreement
MS-PS2-035,MS-PS2,MS-PS2-4,conceptual,Why does a more massive planet pull you toward it more strongly than a less massive planet would?,"The strength of gravitational attraction depends on the masses of the objects involved. A more massive planet has a stronger gravitational pull, so it attracts objects with greater force.",1,1,1,0,"The answer accurately states that gravitational force depends on mass and that greater mass results in a stronger pull, which aligns directly with the requirements of MS-PS2-4.","The reference answer correctly states that gravitational attraction depends on the masses of the objects involved, directly supporting the claim in the standard.","The answer merely states that gravity depends on mass without providing a supporting argument or evidence (e.g., Newton's law), so it is incomplete for the standard.",judge_disagreement
MS-PS2-037,MS-PS2,MS-PS2-4,conceptual,How does gravity cause a ball thrown into the air to eventually come back down?,"Earth's gravity continuously exerts an attractive force pulling the ball toward Earth's center. Even while the ball moves upward, this downward gravitational pull slows it and eventually brings it back down.",0,0,1,0,"The answer correctly explains that gravity is an attractive force pulling objects toward Earth's center, which accurately addresses the mechanism of why a ball falls back down according to the standard.","While the answer correctly describes Earth's attractive gravitational pull slowing and reversing the ball's motion, it does not mention that the gravitational force depends on the masses of the interacting objects, which is required by the standard.","The answer correctly describes gravity as an attractive force pulling the ball down, but it does not address the dependence of the gravitational force on the masses of the interacting objects, which is required by the standard.",judge_disagreement
MS-PS2-051,MS-PS2,MS-PS2-2,applied,You are pushing a box across the floor and suddenly push twice as hard. What happens to the box's acceleration?,The box's acceleration doubles because acceleration is directly proportional to net force when mass stays the same.,1,1,0,1,"The answer is technically incorrect because it assumes the applied push is the only force acting on the box; if friction is present, doubling the push results in more than double the acceleration.","The answer correctly states that, with mass unchanged, doubling the net force doubles the acceleration, which aligns with Newton’s second law and the standard’s focus on force-mass-acceleration relationships.","The answer correctly states that doubling the applied force doubles the acceleration, consistent with Newton's second law for constant mass.",judge_disagreement
MS-PS2-060,MS-PS2,MS-PS2-4,applied,Why does the Sun keep all the planets orbiting around it instead of the planets flying off into space?,"The Sun has an enormous mass, which creates a very strong gravitational pull on every planet. This attractive force keeps the planets curving around the Sun rather than traveling in a straight line into space.",1,1,1,0,"The answer correctly identifies that gravity is an attractive force and that its strength is dependent on the Sun's large mass, which aligns perfectly with the requirements of MS-PS2-4.","The answer correctly explains that the Sun's large mass creates a strong gravitational attraction that keeps planets in orbit, satisfying the standard's claim about gravitational interactions being attractive and mass-dependent.",The answer correctly mentions the Sun’s strong attractive gravity but does not explain that the force depends on both the Sun’s and the planet’s masses nor fully articulate the balance of inertia and gravity required for orbital motion.,judge_disagreement
MS-PS3-031,MS-PS3,MS-PS3-3,conceptual,Why does wrapping a cold drink in aluminum foil help keep it cold when it's sitting in the sun?,Shiny aluminum foil reflects radiant energy (sunlight) away from the drink instead of absorbing it. This reduces the amount of thermal energy transferred to the drink from radiation.,1,1,1,0,"The answer correctly identifies that the reflective property of aluminum foil minimizes thermal energy transfer from radiation, which is the primary heat source when a drink is sitting in the sun.","The answer correctly explains that aluminum foil reflects sunlight, reducing radiative heat transfer, which sufficiently addresses the question for the standard.","The answer correctly notes reflection of radiant energy but omits other important factors like reduced conduction and convection, making it incomplete for fully explaining how foil keeps a drink cold.",judge_disagreement
MS-PS3-033,MS-PS3,MS-PS3-4,conceptual,Why does stirring a cold drink in a warm room eventually make the drink warmer?,"Energy is transferred from the warmer surroundings into the drink because particles in the warmer materials collide with and transfer kinetic energy to the cooler drink particles, raising their average kinetic energy and thus their temperature.",0,0,1,0,The answer accurately explains the transfer of thermal energy from the warmer surroundings to the cooler drink through particle collisions and correctly relates average kinetic energy to temperature.,"The answer correctly describes energy transfer via particle collisions but fails to explain how stirring increases the rate of heat transfer, omitting a key reason why stirring makes the drink warmer.",The answer omits the role of stirring (mechanical work and increased heat transfer) and therefore is incomplete.,judge_disagreement
MS-PS3-058,MS-PS3,MS-PS3-5,applied,"If you drop a bouncy ball from a higher height, it hits the floor and bounces back up higher than if you dropped it from a low height. What does this tell you about kinetic energy and energy transfer?","A ball dropped from higher has more kinetic energy when it hits the floor. More energy is transferred to the floor and back into the ball, so it bounces back up higher.",1,0,1,1,"The answer correctly identifies that a higher drop results in more kinetic energy and explicitly links the change in kinetic energy to the transfer of energy during the collision, which aligns with the requirements of the standard.","The answer incorrectly suggests that more energy is transferred to the floor and then back into the ball to cause a higher bounce, when in fact the ball retains a fraction of its kinetic energy after some is lost as heat/sound, and greater initial height simply gives the ball more kinetic energy to ","The answer correctly explains that a higher drop gives the ball greater kinetic energy at impact, leading to more energy being transferred and returned, resulting in a higher bounce.",judge_disagreement
MS-PS4-002,MS-PS4,MS-PS4-1,recall,How is the amplitude of a wave related to its energy?,"A wave with a greater amplitude carries more energy; as amplitude increases, the energy of the wave increases.",0,0,0,0,"The standard MS-PS4-1 specifically requires a mathematical representation of the relationship, which should state that a wave's energy is proportional to the square of its amplitude.",The answer correctly states that greater amplitude means more energy but fails to include the mathematical relationship (energy ∝ amplitude²) required by the standard.,"The answer only states qualitatively that higher amplitude means more energy, but does not provide the required mathematical relationship (energy ∝ amplitude²) required by the standard.",unanimous_incorrect
MS-PS4-035,MS-PS4,MS-PS4-1,applied,"During a storm, large waves crash into a dock and break boards, but small calm-water waves just gently lap against it. Using amplitude and energy, explain why the storm waves cause damage.","Storm waves have much greater amplitude than calm-water waves, meaning they carry much more energy. When that high-energy wave hits the dock, it transfers enough energy to break the wood.",1,0,1,1,The answer correctly identifies the qualitative relationship between wave amplitude and energy as required by the standard to explain the physical impact on the dock.,"The answer correctly links greater amplitude to more energy but does not provide a mathematical representation (e.g., energy ∝ amplitude²) as required by MS-PS4-1.",The answer correctly links the larger amplitude of storm waves to their greater energy and explains that this higher energy causes damage to the dock.,judge_disagreement
MS-PS4-038,MS-PS4,MS-PS4-1,applied,"At a baseball game, fans do a wave in the stadium. If only 10 fans stand up in the wave, it barely looks like anything, but when 500 fans do it, the wave is huge and visible from far away. How does this model the relationship between amplitude and energy?","When more fans participate, the wave has a greater amplitude (height). This models how larger-amplitude waves carry more energy—the bigger the wave, the more energy it represents.",0,0,0,1,"The reference answer is scientifically inaccurate because the number of fans in a stadium wave increases the wave's length or total energy, but it does not increase the amplitude (height), which is limited by the height of the individual fans.",The answer correctly notes that larger amplitude means more energy but does not provide the mathematical relationship (energy ∝ amplitude²) required by the standard.,"The answer correctly links more participants to greater wave amplitude and explains that larger amplitude corresponds to more energy, adequately addressing the standard.",judge_disagreement
MS-LS1-047,MS-LS1,MS-LS1-5,applied,"You plant two seeds from the same tomato plant — one in a sunny window and one in a dark closet. Both get the same water and soil. How will their growth be different, and what environmental factor explains this?","The plant in the sunny window will grow taller, produce more leaves, and be healthier because it has access to sunlight needed for photosynthesis. The plant in the dark closet will grow poorly or die because without light, it cannot produce the energy it needs to grow.",1,1,0,1,"The answer is scientifically inaccurate because plants grown in the dark typically grow taller than those in the light due to etiolation, a process where the stem stretches to find a light source.","The answer correctly states that sunlight (an environmental factor) drives photosynthesis, leading to better growth in the sunny window and poor growth in the dark, which aligns with the standard's requirement to explain how environmental factors influence organism growth.","The answer correctly explains the growth differences (taller, healthier vs. poor growth or death) and identifies light as the environmental factor influencing those differences.",judge_disagreement
MS-LS1-050,MS-LS1,MS-LS1-6,applied,A student notices that fish in a well-lit aquarium with lots of live plants stay healthier than fish in a dark aquarium with no plants. How does photosynthesis explain this?,"The plants in the lit aquarium use photosynthesis to produce oxygen, which the fish need to breathe. Without light, the plants cannot photosynthesize and no oxygen is added to the water, making it harder for fish to survive.",1,0,1,1,"The answer correctly identifies that photosynthesis produces oxygen, which is a vital part of the cycling of matter and essential for the health and survival of fish.","The answer mentions oxygen production but omits the role of photosynthesis in converting light energy to chemical energy and cycling carbon dioxide, making it incomplete for the standard.","The answer correctly explains that photosynthesis in the lit aquarium produces oxygen for the fish, whereas lack of light prevents oxygen production in the dark tank, accounting for the health difference.",judge_disagreement
MS-LS2-025,MS-LS2,MS-LS2-3,conceptual,How does a cow eating grass allow energy from the sun to reach a human who later eats a hamburger?,"The grass captured solar energy through photosynthesis and stored it in its tissues; the cow transferred some of that stored energy into its own body by eating the grass, and the human then obtains some of that energy by eating the cow.",1,0,1,1,"The answer accurately describes the flow of energy from the sun through a producer and primary consumer to a human, satisfying the energy flow requirements of the standard.","The answer correctly describes the flow of solar energy through grass to cow to human, but it omits the cycling of matter (e.g., use of CO₂, water, and nutrients) and involvement of nonliving components, making it incomplete for MS‑LS2‑3.","The answer correctly describes the flow of solar energy from photosynthetic grass to the cow and then to the human via consumption, matching the standard.",judge_disagreement
MS-LS3-010,MS-LS3,MS-LS3-1,recall,"If a mutation changes the instructions for a protein, what might happen to the protein?","The mutation may cause the protein to be built with a different amino acid sequence, which can change its shape and prevent it from working correctly.",0,0,1,0,"The answer accurately describes the relationship between genetic mutations, amino acid sequences, protein shape, and functional outcomes as required by the MS-LS3-1 standard.","The answer correctly describes a harmful outcome but omits the possibility of beneficial or neutral effects, making it incomplete for the standard.","The answer only mentions a harmful effect (changed shape and loss of function) and omits other possible outcomes such as neutral or beneficial effects, making it incomplete for the standard.",judge_disagreement
MS-LS3-022,MS-LS3,MS-LS3-1,applied,A plant has a mutation that causes it to produce more chlorophyll than normal plants. How might this affect the plant's ability to survive?,"This mutation could be beneficial because more chlorophyll means the plant can capture more sunlight and produce more food through photosynthesis, helping it grow and survive.",1,1,1,0,The answer correctly identifies the mutation as potentially beneficial and provides a logical explanation of how increased chlorophyll improves the plant's function and survival through enhanced photosynthesis.,"The answer correctly identifies a possible beneficial effect of increased chlorophyll on photosynthesis and survival, aligning with the standard's focus on mutations leading to beneficial, harmful, or neutral outcomes.","The answer is partially correct but incomplete, as it only mentions a beneficial effect and does not address possible neutral or harmful consequences of the mutation.",judge_disagreement
MS-LS3-030,MS-LS3,MS-LS3-1,applied,A mutation causes a type of bacteria to produce a protein that forms a thick outer coating. How might this help or hurt the bacteria?,"The thick outer coating could be beneficial for the bacteria because it may protect them from harsh environments, drying out, or attacks by immune system cells.",0,0,1,0,"The answer correctly identifies a beneficial outcome of the structural change caused by the mutation, providing scientifically accurate examples of how it aids the organism's survival.","The answer only describes potential benefits and omits possible harmful or neutral effects, making it incomplete for the question.","The answer only mentions a possible benefit and does not address how the mutation could also be harmful or neutral, making it incomplete for the standard.",judge_disagreement
MS-LS3-034,MS-LS3,MS-LS3-2,applied,A potato grower plants pieces of potato (each with an 'eye' bud) to grow new potato plants. Will these new plants be genetically identical to the parent potato?,"Yes, growing plants from potato eyes is asexual reproduction, so all the new plants will have the same genetic information as the parent potato plant.",1,0,1,1,"The answer accurately identifies the process as asexual reproduction and correctly states that this results in offspring with the same genetic information as the parent, which aligns with the MS-LS3-2 standard.","While the answer correctly states that potato eyes produce genetically identical offspring via asexual reproduction, it does not explain why asexual reproduction leads to identical genetic information as required by the standard.","The answer correctly states that potato plants grown from eyes are produced asexually and thus are genetically identical to the parent, matching the standard.",judge_disagreement
MS-LS4-024,MS-LS4,MS-LS4-1,applied,"Imagine you are comparing fossils from a 300-million-year-old rock layer to fossils from a 50-million-year-old rock layer. Would you expect to find more or fewer species in the older layer, and why?","You would generally expect to find fewer familiar or surviving species in the older layer because many more extinctions have occurred over that longer time period. Life has changed significantly over 300 million years, so most species from that time no longer exist.",1,0,1,1,"The answer correctly addresses the concepts of change and extinction over geological time, which are key components of the MS-LS4-1 standard, by explaining that older layers contain fewer species that still exist today.","The answer does not directly state whether total species diversity would be greater or lesser in the older layer, instead focusing only on familiar or surviving species, making it incomplete for the standard.","The answer correctly states that the older layer would contain fewer species due to greater time for extinctions and evolutionary change, directly addressing the question.",judge_disagreement
MS-ESS1-047,MS-ESS1,MS-ESS1-1,applied,A solar eclipse happened today in your city. Could another solar eclipse happen in your city next week?,"No, solar eclipses cannot happen just a week apart. They occur when the Moon is in exactly the right position during a new moon phase, which only happens roughly once every 18 months at any given location.",0,0,0,1,"While the answer correctly identifies the requirement of a new moon phase, it contains a significant factual error stating that solar eclipses occur every 18 months at any given location, which is the global frequency rather than the local one.",The statement that solar eclipses happen roughly every 18 months at any given location is inaccurate—they are far rarer for a specific site—so the answer is misleading despite correctly noting the weekly impossibility.,"The answer correctly states that solar eclipses cannot occur a week apart at the same location and explains the rarity and orbital alignment required, adequately addressing the question.",judge_disagreement
MS-ESS2-022,MS-ESS2,MS-ESS2-1,conceptual,"Why does granite, which forms deep underground, end up at the surface in places like mountains?","Tectonic forces push rock upward to form mountains, and then billions of years of weathering and erosion remove the layers above, eventually exposing the granite at the surface.",1,1,0,1,"The reference answer is scientifically inaccurate because weathering and erosion typically expose deep-seated rocks over millions or hundreds of millions of years, not billions.","The answer correctly explains that tectonic uplift brings deep-formed granite to the surface and that weathering and erosion then remove overlying rock, which aligns with the standard’s focus on cycling Earth materials and the energy driving these processes.","The answer accurately explains that tectonic uplift and subsequent erosion expose deep granite at the surface, fulfilling the standard.",judge_disagreement
MS-ESS2-045,MS-ESS2,MS-ESS2-6,conceptual,"Why does warm air rise and cool air sink, and how does this create circulation cells in the atmosphere?","Warm air is less dense than cool air, so it rises, while denser cool air sinks. This sets up large loops of circulating air called convection cells, where rising warm air spreads out, cools, sinks back down, and flows along the surface back toward the heat source.",1,1,1,0,"The answer accurately explains the relationship between temperature, density, and the formation of convection cells as a mechanism for atmospheric circulation.","The answer correctly explains that warm air is less dense and rises while cool air is denser and sinks, and it describes how this process forms convection cells, fully addressing the question.","The answer correctly explains why warm air rises and cool air sinks, but it omits the influence of Earth’s rotation (Coriolis effect) on the formation and organization of atmospheric circulation cells, which is required by the standard.",judge_disagreement
MS-ESS3-043,MS-ESS3,MS-ESS3-3,applied,"A city wants to reduce the urban heat island effect caused by so many roads and buildings. How could planting trees be used as a design solution, and how would you measure whether it is working?","Trees provide shade and release water vapor, which cools the surrounding air. You could use temperature sensors in areas with new tree plantings and compare those readings to areas without trees over several seasons to measure the cooling effect.",1,0,1,1,"The answer correctly identifies the scientific mechanism of cooling (shading and evapotranspiration) and provides a clear, measurable method for monitoring the solution's effectiveness.",,The answer correctly describes how trees mitigate heat islands and provides a clear method (using temperature sensors and control sites) to monitor effectiveness.,judge_disagreement
MS-ETS1-046,MS-ETS1,MS-ETS1-3,applied,"Three student teams designed parachutes to slow a falling egg. Team A's parachute had the widest canopy, Team B's had the lightest weight, and Team C's had the strongest strings. If you combined all three best features into one parachute, what would you expect to happen to the egg's landing compared to any single design?","The combined parachute would likely protect the egg better than any single design because it would have maximum air resistance (wide canopy), less weight slowing it down, and strings that won't snap on impact.",1,1,0,1,"The answer contains a scientific inaccuracy by stating that 'less weight' would slow the parachute down, when weight is actually the downward force that opposes the air resistance.","The answer correctly explains that combining the widest canopy (max air resistance), lightest weight (less inertia), and strongest strings (no snap) would improve the parachute's performance and better protect the egg than any single design.","The answer correctly predicts that a parachute combining the widest canopy, lightest weight, and strongest strings would outperform any single design in protecting the egg during landing.",judge_disagreement
MS-ETS1-047,MS-ETS1,MS-ETS1-3,applied,"Engineers tested two water filters. Filter 1 removed bacteria very well but was slow. Filter 2 was fast but let some dirt through. If a new filter combined the bacteria-removing layer from Filter 1 and the fast-flow design from Filter 2, what would you predict about the new filter's output?","The new filter would likely produce clean water faster, since it has the bacteria-removal ability of Filter 1 and the efficient flow design of Filter 2.",1,1,1,0,"The answer correctly identifies that combining the strengths of both designs results in a filter that is both effective at cleaning and efficient in speed, which directly aligns with the standard's focus on combining best characteristics.","The answer correctly predicts that combining Filter 1’s bacteria‑removing strength with Filter 2’s fast‑flow design yields a filter that provides clean water more quickly, reflecting the best characteristics of each design.","The answer overstated the outcome by implying the new filter will produce completely clean water faster, neglecting the possibility that dirt may still pass through.",judge_disagreement
MS-PS1-056,MS-PS1,MS-PS1-2,applied,"A candle burns and gets shorter over time, releasing light and heat. If you weigh the leftover wax stub and the gases released, would their total mass equal the original candle?","Yes, according to conservation of mass, the total mass of the leftover wax, water vapor, and carbon dioxide gas released would equal the mass of the original candle. Burning is a chemical reaction, but mass is conserved even though the substances change.",0,1,0,0,"The answer is incorrect because it fails to account for the mass of the oxygen reactant consumed during combustion, meaning the mass of the products would actually be greater than the mass of the original candle alone.","The answer correctly applies the law of conservation of mass to the combustion reaction, identifying the relevant products and stating that total mass of stub plus gases equals the original candle mass.","The answer incorrectly states the total mass of the stub and gases equals the original candle, ignoring the added mass of oxygen from the air that participates in combustion.",judge_disagreement
MS-PS3-065,MS-PS3,MS-PS3-5,conceptual,Why does a heavier object hit the ground harder than a lighter object dropped from the same height?,"A heavier object has more mass, so it gains more kinetic energy as it falls the same distance. More kinetic energy means a greater force is transferred to the ground on impact.",1,1,0,1,"The answer is scientifically inaccurate because force is not a quantity that is 'transferred' between objects; rather, energy is transferred to the ground through the application of force.","The reference answer correctly states that a heavier object gains more kinetic energy from the same drop height, leading to a greater energy transfer (and thus a harder impact) on the ground, which aligns with the standard’s focus on energy transfer when kinetic energy changes.","The answer correctly links greater mass to higher kinetic energy at impact and explains that more kinetic energy results in a larger force transferred to the ground, satisfying the standard.",judge_disagreement
MS-LS1-070,MS-LS1,MS-LS1-8,applied,"If you accidentally touch a hot stove, your hand pulls back before you even think about it. What is happening in your nervous system to make this occur so fast?","Sensory receptors in your skin detect the heat and send a pain signal to the brain. The brain immediately sends a message back to your muscles to pull your hand away, and this quick response happens so fast it feels automatic.",0,0,0,0,"The reference answer is scientifically inaccurate because the immediate withdrawal reflex is processed in the spinal cord rather than the brain, which is the specific mechanism that allows the response to occur before conscious thought.","The answer incorrectly states that the brain mediates the rapid hand withdrawal, when in fact this reflex is processed in the spinal cord without requiring conscious brain involvement.","The answer incorrectly attributes the rapid response to the brain, omitting the key role of the spinal reflex arc that bypasses conscious processing.",unanimous_incorrect
MS-LS4-043,MS-LS4,MS-LS4-6,applied,"Imagine a field of flowers where 10% of the bees have longer tongues and 90% have shorter tongues. The flowers in the field only produce deep, tube-shaped blossoms that only long-tongued bees can reach. After several generations, would the percentage of long-tongued bees increase or decrease? Use the idea of survival and reproduction to explain.","The percentage of long-tongued bees would increase. Only long-tongued bees can reach the nectar and get the energy they need to survive and reproduce, so they pass the long-tongue trait to more offspring. Short-tongued bees are less likely to survive, so their trait becomes less common over time.",1,0,1,1,"The answer correctly identifies that the percentage of long-tongued bees will increase and provides a clear explanation based on survival, reproduction, and the inheritance of traits as required by the standard.","The answer correctly predicts an increase in long‑tongued bees but offers no mathematical representation (e.g., frequencies, fitness calculations) to support the explanation as required by MS‑LS4‑6.","The answer correctly predicts an increase in long‑tongued bees and explains it using differential survival and reproduction, matching the standard.",judge_disagreement
MS-LS4-044,MS-LS4,MS-LS4-6,applied,"A population of rabbits lives in a habitat that is half snowy and half rocky. A student records that fast-running rabbits make up 40% of the population in Year 1. Foxes hunt in the area, and slow rabbits are caught more often. If the student checks again in Year 15, would you predict the percentage of fast-running rabbits to be higher or lower than 40%? Explain using natural selection.","The percentage of fast-running rabbits would be higher than 40%. Slow rabbits are caught and eaten by foxes more often, so they survive and reproduce less. Fast rabbits escape more, survive longer, and pass the fast-running trait to more offspring, increasing its frequency in the population over time.",1,0,1,1,"The answer correctly predicts the increase in the frequency of the favorable trait and explains it using the principles of differential survival, reproduction, and inheritance as required by the standard.",The answer correctly predicts an increase but does not include any mathematical representation to support the explanation as required by MS-LS4-6.,"The answer correctly predicts a higher percentage and explains it using natural selection, fulfilling the standard's requirement.",judge_disagreement
MS-PS3-078,MS-PS3,MS-PS3-4,recall,What does it mean when a substance has a high specific heat capacity?,A high specific heat capacity means the substance needs a large amount of energy to raise its temperature. Water is a well-known example of a substance with a high specific heat capacity.,1,1,0,1,"The answer is inadequate because it fails to specify that specific heat capacity is defined per unit mass, which is a necessary distinction for the MS-PS3-4 standard.","The answer correctly defines high specific heat capacity and gives a suitable example, aligning with the standard's focus on energy transfer and temperature change.","The answer correctly defines high specific heat capacity as needing a lot of energy to change temperature, which aligns with the standard's focus on energy transfer and temperature change.",judge_disagreement
MS-LS1-077,MS-LS1,MS-LS1-5,conceptual,Why do plants grown in the shade tend to grow taller and have thinner stems than plants grown in full sunlight?,"Plants in the shade grow taller and develop thinner stems because they are stretching toward available light, which they need for photosynthesis to make food and energy for growth. Without enough light, they put their energy into growing upward rather than building strong, thick stems.",1,0,1,1,The answer accurately identifies light as the key environmental factor and explains how the plant's growth response (shade avoidance) prioritizes vertical growth for photosynthesis over stem thickness.,"The answer correctly explains shade‑avoidance elongation but omits any reference to genetic factors that also influence growth, making it incomplete for the standard.","The answer correctly explains that limited light causes plants to allocate resources to elongation (growing taller) and less to stem thickening, reflecting the environmental influence of light on growth.",judge_disagreement
MS-LS1-080,MS-LS1,MS-LS1-6,applied,"If you put a healthy green plant in a completely dark closet for several weeks, what would happen to it and why?","The plant would weaken and eventually die because without light it cannot perform photosynthesis, so it has no way to make the sugar it needs for energy and growth.",1,0,1,1,"The answer accurately explains that light is the energy source for photosynthesis and that without it, the plant cannot produce the sugar needed for energy and growth, which directly aligns with MS-LS1-6.","The answer correctly explains that without light the plant cannot photosynthesize and thus lacks sugar for energy, but it omits any mention of photosynthesis' role in the cycling of matter (CO₂/O₂ exchange), making it incomplete for the standard.","The answer correctly explains that the plant will weaken and die due to the lack of light preventing photosynthesis, which stops sugar production needed for energy and growth.",judge_disagreement
MS-LS4-045,MS-LS4,MS-LS4-3,recall,"What are pharyngeal pouches, and in which animals are they found as embryos?","Pharyngeal pouches (sometimes called gill slits) are small folds or openings found in the throat region of embryos. They appear in the embryos of many vertebrates, including fish, frogs, chickens, and humans, suggesting these species share a common ancestor.",1,0,1,1,"The answer accurately defines the structures, identifies the relevant vertebrate groups, and connects these embryological similarities to common ancestry as required by the standard.","The answer incorrectly equates pharyngeal pouches with gill slits and describes them as openings, whereas they are endodermal evaginations, not external openings.",The answer correctly defines pharyngeal pouches as embryonic throat folds/openings and lists representative vertebrate embryos where they occur.,judge_disagreement
MS-ESS2-082,MS-ESS2,MS-ESS2-6,applied,"A city is located on the west coast of a continent at a mid-latitude. Based on global wind patterns, would you expect that city to get more rain or less rain than a city on the east coast at the same latitude? Why?","The west coast city would generally receive more rainfall because prevailing westerly winds push moist ocean air onto west-facing coasts at mid-latitudes, bringing more precipitation. The east coast at the same latitude sits on the downwind side and tends to be drier from those same winds.",1,1,0,1,"The claim that the east coast is drier at mid-latitudes is factually incorrect for many regions (e.g., the Eastern US or East Asia) where warm ocean currents and air masses often result in higher annual precipitation than the west coast.","The answer correctly states that mid‑latitude westerlies bring moist ocean air onto west coasts, giving them more precipitation than the downwind east coasts at the same latitude.","The answer correctly states that the west‑coast city gets more rain due to prevailing westerly winds bringing moist ocean air, while the east‑coast city is drier, matching the expected explanation.",judge_disagreement
MS-PS4-076,MS-PS4,MS-PS4-2,conceptual,Why do noise-canceling headphones work better at blocking steady low hums than sudden sharp sounds?,"The padding and materials in headphones are better at absorbing and blocking consistent, lower-frequency sound waves. Sudden sharp high-energy sounds carry more varied wave patterns that are harder for the material to fully absorb before they reach your ears.",0,0,0,0,"The answer is scientifically inaccurate because noise-canceling technology primarily relies on destructive interference, and physical materials (passive isolation) are actually better at absorbing high-frequency sounds than low-frequency ones.","The answer incorrectly attributes low‑frequency noise reduction to passive absorption and ignores the active noise‑cancellation mechanism, making it inaccurate and incomplete for the standard.","The answer omits the active cancellation mechanism and why low-frequency steady sounds are easier to cancel, focusing only on passive absorption, which is incomplete and misleading.",unanimous_incorrect
MS-LS1-081,MS-LS1,MS-LS1-2,recall,What is the difference between a prokaryotic cell and a eukaryotic cell?,"A prokaryotic cell has no true nucleus (its DNA floats freely in the cell), while a eukaryotic cell has a membrane-bound nucleus that holds its DNA.",1,1,1,0,"The answer correctly identifies the primary defining difference between prokaryotic and eukaryotic cells, which is appropriate and sufficient for the middle school level.",The answer correctly states the primary structural difference—presence or absence of a membrane‑bound nucleus—and adequately addresses the question for the middle‑school standard.,"The answer correctly notes the nucleus difference but omits other key distinctions like membrane-bound organelles, making it incomplete for the standard.",judge_disagreement
MS-ETS1-075,MS-ETS1,MS-ETS1-3,recall,What does it mean to analyze data in an engineering test?,"Analyzing data means carefully examining the results from tests to look for patterns, trends, or information that helps you understand how well a design worked.",1,1,1,0,"The answer accurately describes the process of data analysis by focusing on examining results for patterns and trends to evaluate performance, which is a foundational component of the MS-ETS1-3 standard.","The answer correctly defines analyzing data as examining test results for patterns or trends to evaluate design performance, which aligns with the standard's focus on using test data to compare solutions.","The answer correctly defines data analysis but does not address comparing multiple design solutions to identify best characteristics, which is required by the standard.",judge_disagreement
MS-PS4-081,MS-PS4,MS-PS4-3,recall,What does 'bandwidth' mean when talking about signals?,"Bandwidth refers to the amount of data or information that can be transmitted through a signal or communication channel in a given amount of time, usually measured in bits per second.",1,1,1,0,"The answer provides a technically accurate and age-appropriate definition of bandwidth as the rate of data transfer, which is essential for understanding the efficiency of digital versus analog signals.","The answer correctly defines bandwidth as the data‑transmission capacity of a signal or channel, measured in bits per second, which is appropriate for a middle‑school understanding.","The answer only defines bandwidth as data rate, omitting the primary definition of bandwidth as the frequency range a signal occupies.",judge_disagreement
MS-LS1-087,MS-LS1,MS-LS1-1,conceptual,How do scientists know that something is alive if they can't always see its cells?,"Scientists use microscopes to see cells that are too small for the naked eye. Because the cell theory states that all living things are made of cells, finding cells in a sample is strong evidence that the material came from a living thing.",1,1,1,0,The answer accurately addresses the standard by explaining that technology enables the observation of cells and connects their presence to the fundamental principle that all living things are composed of cells.,"The answer correctly explains that microscopes allow scientists to observe cells too small to see unaided, and finding cells provides evidence of life, aligning with the standard.","The answer only mentions using microscopes to see cells and does not address how scientists determine life when cells cannot be observed, making it incomplete and insufficient.",judge_disagreement
MS-LS1-089,MS-LS1,MS-LS1-3,recall,What is the integumentary system?,"The integumentary system is the organ system that includes the skin, hair, and nails. It protects the body from the outside environment and helps regulate body temperature.",1,0,1,1,"The answer accurately identifies the major components and primary functions of the integumentary system, which is a necessary foundational concept for understanding the body as a system of interacting subsystems.","While the answer correctly identifies the integumentary system's components and functions, it does not mention that it is composed of groups of cells or how it interacts with other subsystems, which is required by MS-LS1-3.","The answer accurately defines the integumentary system and mentions its main components and key functions, meeting the standard.",judge_disagreement
MS-LS3-086,MS-LS3,MS-LS3-1,recall,How many chromosomes do most human body cells contain?,"Most human body cells contain 46 chromosomes, arranged in 23 pairs.",1,1,0,1,"While factually correct, the question and answer do not address the core requirements of standard MS-LS3-1, which focuses on the relationship between gene mutations, protein structure, and the resulting effects on an organism's function.","The reference answer correctly states that most human body cells have 46 chromosomes, which directly answers the question.","The answer correctly states that typical human somatic cells have 46 chromosomes (23 pairs), which directly answers the question.",judge_disagreement
MS-LS4-090,MS-LS4,MS-LS4-6,applied,"In a population of 200 mice, 40 have dark fur and 160 have light fur. Dark-furred mice survive hawk attacks much better on a dark rocky hillside. If only the surviving mice reproduce, what do you predict will happen to the percentage of dark-furred mice in the next generation?","The percentage of dark-furred mice will increase in the next generation because more dark-furred mice survive and pass on their fur color trait, while fewer light-furred mice survive to reproduce. Natural selection favors the dark fur trait in this environment.",1,0,1,1,The reference answer correctly predicts the increase in the trait's frequency and explains the mechanism of natural selection using the provided population data as a basis for the trend.,"The answer correctly predicts an increase in dark‑furred mice but does not provide the mathematical representation (e.g., calculating current and expected percentages) required by MS‑LS4‑6.","The answer correctly predicts that the percentage of dark-furred mice will increase due to higher survival and reproduction of dark-furred mice, which directly addresses the question.",judge_disagreement
