model,standard,n,binary_accuracy,wilson_low,wilson_high,rubric_mean,refusal_rate,run_acc_std
Gemma 3 27b,MS-ESS1-1,78,0.9744,0.9112,0.9929,0.9706,0.0,0.0363
Gemma 3 27b,MS-ESS1-2,66,0.9545,0.8747,0.9844,0.9556,0.0,0.0371
Gemma 3 27b,MS-ESS1-3,87,0.8736,0.7876,0.9279,0.9048,0.0,0.0163
Gemma 3 27b,MS-ESS1-4,57,0.9298,0.833,0.9724,0.8889,0.0,0.0496
Gemma 3 27b,MS-ESS2-1,48,0.8958,0.7783,0.9547,0.9545,0.0,0.0295
Gemma 3 27b,MS-ESS2-2,60,0.85,0.7389,0.919,0.9,0.0,0.0408
Gemma 3 27b,MS-ESS2-3,39,0.9487,0.8311,0.9858,0.9667,0.0,0.0363
Gemma 3 27b,MS-ESS2-4,54,0.9815,0.9023,0.9967,1.0,0.0,0.0262
Gemma 3 27b,MS-ESS2-5,45,0.9111,0.7927,0.9649,0.9028,0.0,0.0314
Gemma 3 27b,MS-ESS2-6,36,0.75,0.5893,0.8625,0.7222,0.0,0.068
Gemma 3 27b,MS-ESS3-1,75,0.8667,0.7717,0.9259,0.9286,0.0,0.0499
Gemma 3 27b,MS-ESS3-2,69,0.8406,0.7367,0.9086,0.9118,0.0,0.0542
Gemma 3 27b,MS-ESS3-3,45,0.8667,0.7382,0.9374,0.8611,0.0,0.0544
Gemma 3 27b,MS-ESS3-4,45,0.8889,0.765,0.9516,0.9394,0.0,0.0314
Gemma 3 27b,MS-ESS3-5,39,0.8974,0.7642,0.9594,0.9242,0.0,0.0363
Gemma 3 27b,MS-ETS1-1,84,0.9643,0.9002,0.9878,0.96,0.0,0.0292
Gemma 3 27b,MS-ETS1-2,54,1.0,0.9336,1.0,1.0,0.0,0.0
Gemma 3 27b,MS-ETS1-3,57,0.8246,0.7063,0.9018,0.8194,0.0,0.0992
Gemma 3 27b,MS-ETS1-4,69,0.7826,0.6718,0.8636,0.7157,0.0,0.0355
Gemma 3 27b,MS-LS1-1,39,0.9487,0.8311,0.9858,0.9697,0.0,0.0363
Gemma 3 27b,MS-LS1-2,27,0.9259,0.7663,0.9794,1.0,0.0,0.0524
Gemma 3 27b,MS-LS1-3,54,1.0,0.9336,1.0,1.0,0.0,0.0
Gemma 3 27b,MS-LS1-4,36,1.0,0.9036,1.0,1.0,0.0,0.0
Gemma 3 27b,MS-LS1-5,30,1.0,0.8865,1.0,1.0,0.0,0.0
Gemma 3 27b,MS-LS1-6,24,0.9583,0.7976,0.9926,0.9722,0.0,0.0589
Gemma 3 27b,MS-LS1-7,30,0.8667,0.7032,0.9469,0.9583,0.0,0.0471
Gemma 3 27b,MS-LS1-8,27,0.8889,0.7194,0.9615,0.9444,0.0,0.0907
Gemma 3 27b,MS-LS2-1,72,0.9306,0.8475,0.97,0.9833,0.0,0.0196
Gemma 3 27b,MS-LS2-2,51,0.9412,0.8408,0.9798,0.9405,0.0,0.0
Gemma 3 27b,MS-LS2-3,99,0.9495,0.8872,0.9782,0.9359,0.0,0.0143
Gemma 3 27b,MS-LS2-4,42,1.0,0.9162,1.0,1.0,0.0,0.0
Gemma 3 27b,MS-LS2-5,24,1.0,0.862,1.0,1.0,0.0,0.0
Gemma 3 27b,MS-LS3-1,144,0.9375,0.8855,0.9668,0.9778,0.0,0.0
Gemma 3 27b,MS-LS3-2,111,0.8919,0.8205,0.9371,0.908,0.0,0.0221
Gemma 3 27b,MS-LS4-1,81,0.9753,0.9144,0.9932,0.9733,0.0,0.0349
Gemma 3 27b,MS-LS4-2,75,0.96,0.8889,0.9863,0.975,0.0,0.0
Gemma 3 27b,MS-LS4-3,36,0.75,0.5893,0.8625,1.0,0.0,0.068
Gemma 3 27b,MS-LS4-4,27,0.963,0.8172,0.9934,1.0,0.0,0.0524
Gemma 3 27b,MS-LS4-5,15,1.0,0.7961,1.0,0.9444,0.0,0.0
Gemma 3 27b,MS-LS4-6,33,1.0,0.8957,1.0,1.0,0.0,0.0
Gemma 3 27b,MS-PS1-1,81,0.8765,0.7874,0.9315,0.9167,0.0,0.0175
Gemma 3 27b,MS-PS1-2,21,0.8571,0.6536,0.9502,1.0,0.0,0.1166
Gemma 3 27b,MS-PS1-3,39,1.0,0.9103,1.0,1.0,0.0,0.0
Gemma 3 27b,MS-PS1-4,51,0.902,0.7902,0.9574,0.8929,0.0,0.0555
Gemma 3 27b,MS-PS1-5,39,0.7949,0.6447,0.8922,0.7879,0.0,0.0959
Gemma 3 27b,MS-PS1-6,30,0.8,0.6269,0.9049,0.7708,0.0,0.0
Gemma 3 27b,MS-PS2-1,60,0.9,0.7985,0.9534,0.9118,0.0,0.0
Gemma 3 27b,MS-PS2-2,54,0.9815,0.9023,0.9967,0.9881,0.0,0.0262
Gemma 3 27b,MS-PS2-3,72,0.9167,0.8299,0.9612,0.9872,0.0,0.034
Gemma 3 27b,MS-PS2-4,42,0.7857,0.6406,0.8829,0.8125,0.0,0.0583
Gemma 3 27b,MS-PS2-5,45,0.9111,0.7927,0.9649,0.9667,0.0,0.0314
Gemma 3 27b,MS-PS3-1,57,0.9649,0.8808,0.9903,0.9762,0.0,0.0496
Gemma 3 27b,MS-PS3-2,54,0.9815,0.9023,0.9967,0.9889,0.0,0.0262
Gemma 3 27b,MS-PS3-3,66,0.9848,0.919,0.9973,1.0,0.0,0.0214
Gemma 3 27b,MS-PS3-4,33,0.9697,0.8468,0.9946,0.9833,0.0,0.0429
Gemma 3 27b,MS-PS3-5,42,0.9286,0.8099,0.9754,0.95,0.0,0.0
Gemma 3 27b,MS-PS4-1,78,0.9231,0.8422,0.9643,0.9417,0.0,0.0314
Gemma 3 27b,MS-PS4-2,99,0.9697,0.9147,0.9896,0.9783,0.0,0.0
Gemma 3 27b,MS-PS4-3,87,0.9425,0.8724,0.9752,0.9479,0.0,0.0163
Gemma 4 31b,MS-ESS1-1,78,0.9872,0.9309,0.9977,0.9902,0.0,0.0181
Gemma 4 31b,MS-ESS1-2,66,0.9545,0.8747,0.9844,0.9556,0.0,0.0371
Gemma 4 31b,MS-ESS1-3,87,0.954,0.8877,0.982,0.9762,0.0,0.0163
Gemma 4 31b,MS-ESS1-4,57,0.9825,0.9071,0.9969,0.9722,0.0,0.0248
Gemma 4 31b,MS-ESS2-1,48,0.9583,0.8602,0.9885,0.9848,0.0,0.0589
Gemma 4 31b,MS-ESS2-2,60,0.95,0.863,0.9829,1.0,0.0,0.0408
Gemma 4 31b,MS-ESS2-3,39,0.9744,0.8682,0.9955,0.9833,0.0,0.0363
Gemma 4 31b,MS-ESS2-4,54,0.963,0.8746,0.9898,1.0,0.0,0.0262
Gemma 4 31b,MS-ESS2-5,45,1.0,0.9213,1.0,1.0,0.0,0.0
Gemma 4 31b,MS-ESS2-6,36,1.0,0.9036,1.0,0.9815,0.0,0.0
Gemma 4 31b,MS-ESS3-1,75,0.9733,0.9079,0.9927,0.9881,0.0,0.0189
Gemma 4 31b,MS-ESS3-2,69,0.9855,0.9224,0.9974,0.9902,0.0,0.0205
Gemma 4 31b,MS-ESS3-3,45,1.0,0.9213,1.0,1.0,0.0,0.0
Gemma 4 31b,MS-ESS3-4,45,0.9556,0.8517,0.9877,0.9545,0.0,0.0314
Gemma 4 31b,MS-ESS3-5,39,1.0,0.9103,1.0,1.0,0.0,0.0
Gemma 4 31b,MS-ETS1-1,84,1.0,0.9563,1.0,1.0,0.0,0.0
Gemma 4 31b,MS-ETS1-2,54,1.0,0.9336,1.0,1.0,0.0,0.0
Gemma 4 31b,MS-ETS1-3,57,0.9649,0.8808,0.9903,0.9722,0.0,0.0248
Gemma 4 31b,MS-ETS1-4,69,1.0,0.9473,1.0,1.0,0.0,0.0
Gemma 4 31b,MS-LS1-1,39,0.9744,0.8682,0.9955,0.9848,0.0,0.0363
Gemma 4 31b,MS-LS1-2,27,1.0,0.8754,1.0,1.0,0.0,0.0
Gemma 4 31b,MS-LS1-3,54,0.963,0.8746,0.9898,0.9762,0.0,0.0262
Gemma 4 31b,MS-LS1-4,36,1.0,0.9036,1.0,1.0,0.0,0.0
Gemma 4 31b,MS-LS1-5,30,0.9667,0.8333,0.9941,1.0,0.0,0.0471
Gemma 4 31b,MS-LS1-6,24,0.9583,0.7976,0.9926,0.9722,0.0,0.0589
Gemma 4 31b,MS-LS1-7,30,0.8667,0.7032,0.9469,0.9583,0.0,0.0471
Gemma 4 31b,MS-LS1-8,27,0.8889,0.7194,0.9615,1.0,0.0,0.0
Gemma 4 31b,MS-LS2-1,72,0.9167,0.8299,0.9612,0.975,0.0,0.0
Gemma 4 31b,MS-LS2-2,51,1.0,0.93,1.0,1.0,0.0,0.0
Gemma 4 31b,MS-LS2-3,99,0.9798,0.9293,0.9944,1.0,0.0,0.0143
Gemma 4 31b,MS-LS2-4,42,1.0,0.9162,1.0,1.0,0.0,0.0
Gemma 4 31b,MS-LS2-5,24,1.0,0.862,1.0,1.0,0.0,0.0
Gemma 4 31b,MS-LS3-1,144,0.9931,0.9617,0.9988,0.9944,0.0,0.0098
Gemma 4 31b,MS-LS3-2,111,0.991,0.9507,0.9984,0.9943,0.0,0.0127
Gemma 4 31b,MS-LS4-1,81,0.9753,0.9144,0.9932,0.9867,0.0,0.0175
Gemma 4 31b,MS-LS4-2,75,0.9867,0.9283,0.9976,0.9917,0.0,0.0189
Gemma 4 31b,MS-LS4-3,36,0.9722,0.8583,0.9951,1.0,0.0,0.0393
Gemma 4 31b,MS-LS4-4,27,1.0,0.8754,1.0,1.0,0.0,0.0
Gemma 4 31b,MS-LS4-5,15,1.0,0.7961,1.0,1.0,0.0,0.0
Gemma 4 31b,MS-LS4-6,33,0.9697,0.8468,0.9946,1.0,0.0,0.0429
Gemma 4 31b,MS-PS1-1,81,0.9877,0.9333,0.9978,0.9792,0.0,0.0175
Gemma 4 31b,MS-PS1-2,21,1.0,0.8454,1.0,1.0,0.0,0.0
Gemma 4 31b,MS-PS1-3,39,0.9231,0.7968,0.9735,0.9333,0.0,0.0628
Gemma 4 31b,MS-PS1-4,51,1.0,0.93,1.0,1.0,0.0,0.0
Gemma 4 31b,MS-PS1-5,39,1.0,0.9103,1.0,1.0,0.0,0.0
Gemma 4 31b,MS-PS1-6,30,0.9333,0.7868,0.9815,0.9583,0.0,0.0471
Gemma 4 31b,MS-PS2-1,60,1.0,0.9398,1.0,1.0,0.0,0.0
Gemma 4 31b,MS-PS2-2,54,0.9815,0.9023,0.9967,0.9881,0.0,0.0262
Gemma 4 31b,MS-PS2-3,72,0.9722,0.9043,0.9923,0.9744,0.0,0.0196
Gemma 4 31b,MS-PS2-4,42,0.9524,0.8421,0.9868,0.9583,0.0,0.0673
Gemma 4 31b,MS-PS2-5,45,1.0,0.9213,1.0,0.95,0.0,0.0
Gemma 4 31b,MS-PS3-1,57,0.9825,0.9071,0.9969,0.9762,0.0,0.0248
Gemma 4 31b,MS-PS3-2,54,1.0,0.9336,1.0,1.0,0.0,0.0
Gemma 4 31b,MS-PS3-3,66,0.9848,0.919,0.9973,1.0,0.0,0.0214
Gemma 4 31b,MS-PS3-4,33,1.0,0.8957,1.0,1.0,0.0,0.0
Gemma 4 31b,MS-PS3-5,42,1.0,0.9162,1.0,1.0,0.0,0.0
Gemma 4 31b,MS-PS4-1,78,0.9615,0.8929,0.9868,0.975,0.0,0.0
Gemma 4 31b,MS-PS4-2,99,1.0,0.9626,1.0,1.0,0.0,0.0
Gemma 4 31b,MS-PS4-3,87,1.0,0.9577,1.0,1.0,0.0,0.0
Granite 3.3 Instruct,MS-ESS1-1,78,0.7436,0.6369,0.8274,0.7451,0.0,0.0907
Granite 3.3 Instruct,MS-ESS1-2,66,0.8788,0.7786,0.9373,0.8778,0.0,0.0567
Granite 3.3 Instruct,MS-ESS1-3,87,0.7126,0.6102,0.7971,0.754,0.0,0.0586
Granite 3.3 Instruct,MS-ESS1-4,57,0.7544,0.629,0.8477,0.8889,0.0,0.1241
Granite 3.3 Instruct,MS-ESS2-1,48,0.875,0.753,0.9414,0.9091,0.0,0.051
Granite 3.3 Instruct,MS-ESS2-2,60,0.8833,0.7782,0.9423,0.9333,0.0,0.0236
Granite 3.3 Instruct,MS-ESS2-3,39,0.8462,0.7027,0.9275,0.8833,0.0,0.0628
Granite 3.3 Instruct,MS-ESS2-4,54,0.8519,0.734,0.923,0.9242,0.0,0.0262
Granite 3.3 Instruct,MS-ESS2-5,45,0.7778,0.6373,0.8746,0.7917,0.0,0.175
Granite 3.3 Instruct,MS-ESS2-6,36,0.5278,0.3701,0.6801,0.7037,0.0,0.0786
Granite 3.3 Instruct,MS-ESS3-1,75,0.8667,0.7717,0.9259,0.881,0.0,0.0189
Granite 3.3 Instruct,MS-ESS3-2,69,0.9275,0.8413,0.9687,0.951,0.0,0.0739
Granite 3.3 Instruct,MS-ESS3-3,45,0.9778,0.8843,0.9961,0.9861,0.0,0.0314
Granite 3.3 Instruct,MS-ESS3-4,45,0.9111,0.7927,0.9649,0.9545,0.0,0.0314
Granite 3.3 Instruct,MS-ESS3-5,39,0.8974,0.7642,0.9594,0.9394,0.0,0.0363
Granite 3.3 Instruct,MS-ETS1-1,84,0.9643,0.9002,0.9878,0.9867,0.0,0.0292
Granite 3.3 Instruct,MS-ETS1-2,54,0.9259,0.8245,0.9708,0.8704,0.0,0.0262
Granite 3.3 Instruct,MS-ETS1-3,57,0.9123,0.8106,0.9619,0.9167,0.0,0.0496
Granite 3.3 Instruct,MS-ETS1-4,69,0.9565,0.8798,0.9851,0.9706,0.0,0.0
Granite 3.3 Instruct,MS-LS1-1,39,0.7179,0.5622,0.8346,0.8182,0.0,0.0725
Granite 3.3 Instruct,MS-LS1-2,27,0.963,0.8172,0.9934,1.0,0.0,0.0524
Granite 3.3 Instruct,MS-LS1-3,54,0.8889,0.7781,0.9481,0.9048,0.0,0.0
Granite 3.3 Instruct,MS-LS1-4,36,0.9722,0.8583,0.9951,0.95,0.0,0.0393
Granite 3.3 Instruct,MS-LS1-5,30,1.0,0.8865,1.0,1.0,0.0,0.0
Granite 3.3 Instruct,MS-LS1-6,24,0.875,0.69,0.9566,0.9167,0.0,0.1021
Granite 3.3 Instruct,MS-LS1-7,30,0.7,0.5212,0.8334,0.8333,0.0,0.0816
Granite 3.3 Instruct,MS-LS1-8,27,0.8519,0.6752,0.9408,0.9167,0.0,0.1386
Granite 3.3 Instruct,MS-LS2-1,72,0.9028,0.8126,0.9521,0.9583,0.0,0.0393
Granite 3.3 Instruct,MS-LS2-2,51,0.902,0.7902,0.9574,0.9286,0.0,0.0277
Granite 3.3 Instruct,MS-LS2-3,99,0.8485,0.765,0.906,0.8718,0.0,0.0495
Granite 3.3 Instruct,MS-LS2-4,42,0.9286,0.8099,0.9754,0.9583,0.0,0.0
Granite 3.3 Instruct,MS-LS2-5,24,1.0,0.862,1.0,0.9722,0.0,0.0
Granite 3.3 Instruct,MS-LS3-1,144,0.9167,0.86,0.9517,0.9333,0.0,0.034
Granite 3.3 Instruct,MS-LS3-2,111,0.7748,0.6886,0.8425,0.8621,0.0,0.0255
Granite 3.3 Instruct,MS-LS4-1,81,0.9012,0.817,0.9491,0.9467,0.0,0.0462
Granite 3.3 Instruct,MS-LS4-2,75,0.8133,0.7107,0.8854,0.8917,0.0,0.0754
Granite 3.3 Instruct,MS-LS4-3,36,0.5833,0.422,0.7286,0.9167,0.0,0.068
Granite 3.3 Instruct,MS-LS4-4,27,0.9259,0.7663,0.9794,0.9048,0.0,0.0524
Granite 3.3 Instruct,MS-LS4-5,15,0.9333,0.7018,0.9881,0.8889,0.0,0.0943
Granite 3.3 Instruct,MS-LS4-6,33,0.9394,0.8039,0.9832,0.9444,0.0,0.0429
Granite 3.3 Instruct,MS-PS1-1,81,0.7037,0.5969,0.7921,0.8056,0.0,0.0605
Granite 3.3 Instruct,MS-PS1-2,21,0.8095,0.6,0.9233,0.8333,0.0,0.0673
Granite 3.3 Instruct,MS-PS1-3,39,0.7949,0.6447,0.8922,0.9,0.0,0.0363
Granite 3.3 Instruct,MS-PS1-4,51,0.8039,0.6754,0.8898,0.8452,0.0,0.0277
Granite 3.3 Instruct,MS-PS1-5,39,0.5385,0.3857,0.6843,0.6061,0.0,0.0628
Granite 3.3 Instruct,MS-PS1-6,30,0.6667,0.4878,0.8077,0.8125,0.0,0.0943
Granite 3.3 Instruct,MS-PS2-1,60,0.65,0.5236,0.7583,0.6667,0.0,0.0707
Granite 3.3 Instruct,MS-PS2-2,54,0.8704,0.7558,0.9358,0.9048,0.0,0.1142
Granite 3.3 Instruct,MS-PS2-3,72,0.8194,0.7152,0.8913,0.8077,0.0,0.0393
Granite 3.3 Instruct,MS-PS2-4,42,0.6429,0.4917,0.7701,0.6667,0.0,0.0583
Granite 3.3 Instruct,MS-PS2-5,45,0.7111,0.5663,0.8227,0.8167,0.0,0.0314
Granite 3.3 Instruct,MS-PS3-1,57,0.7895,0.6671,0.8753,0.8333,0.0,0.0744
Granite 3.3 Instruct,MS-PS3-2,54,0.8333,0.7126,0.9098,0.8778,0.0,0.0786
Granite 3.3 Instruct,MS-PS3-3,66,0.7424,0.6257,0.8325,0.7692,0.0,0.0429
Granite 3.3 Instruct,MS-PS3-4,33,0.697,0.5266,0.8262,0.8167,0.0,0.1714
Granite 3.3 Instruct,MS-PS3-5,42,0.8571,0.7216,0.9328,0.9,0.0,0.0583
Granite 3.3 Instruct,MS-PS4-1,78,0.8333,0.7354,0.8999,0.8917,0.0,0.079
Granite 3.3 Instruct,MS-PS4-2,99,0.8283,0.7421,0.8899,0.8841,0.0,0.0515
Granite 3.3 Instruct,MS-PS4-3,87,0.8966,0.815,0.9446,0.9062,0.0,0.0282
Llama 3.1 8b,MS-ESS1-1,78,0.7308,0.6232,0.8166,0.7255,0.0,0.0942
Llama 3.1 8b,MS-ESS1-2,66,0.697,0.5778,0.7945,0.7667,0.0,0.0429
Llama 3.1 8b,MS-ESS1-3,87,0.5977,0.4926,0.6945,0.6825,0.0,0.0163
Llama 3.1 8b,MS-ESS1-4,57,0.7193,0.5917,0.8192,0.8472,0.0,0.0656
Llama 3.1 8b,MS-ESS2-1,48,0.6667,0.5254,0.7832,0.7727,0.0,0.1179
Llama 3.1 8b,MS-ESS2-2,60,0.8,0.6822,0.8817,0.8833,0.0,0.0408
Llama 3.1 8b,MS-ESS2-3,39,0.7436,0.5892,0.8543,0.8333,0.0,0.1307
Llama 3.1 8b,MS-ESS2-4,54,0.8519,0.734,0.923,0.9242,0.0,0.0262
Llama 3.1 8b,MS-ESS2-5,45,0.7778,0.6373,0.8746,0.875,0.0,0.0629
Llama 3.1 8b,MS-ESS2-6,36,0.6667,0.5033,0.7979,0.6852,0.0,0.068
Llama 3.1 8b,MS-ESS3-1,75,0.88,0.7874,0.9356,0.9048,0.0,0.0653
Llama 3.1 8b,MS-ESS3-2,69,0.8406,0.7367,0.9086,0.8922,0.0,0.0542
Llama 3.1 8b,MS-ESS3-3,45,0.9556,0.8517,0.9877,0.9444,0.0,0.0314
Llama 3.1 8b,MS-ESS3-4,45,0.8889,0.765,0.9516,0.8939,0.0,0.0314
Llama 3.1 8b,MS-ESS3-5,39,0.8718,0.7329,0.944,0.9091,0.0,0.0725
Llama 3.1 8b,MS-ETS1-1,84,0.9643,0.9002,0.9878,0.9733,0.0,0.0
Llama 3.1 8b,MS-ETS1-2,54,1.0,0.9336,1.0,1.0,0.0,0.0
Llama 3.1 8b,MS-ETS1-3,57,0.9474,0.8563,0.9819,0.9583,0.0,0.043
Llama 3.1 8b,MS-ETS1-4,69,0.971,0.9003,0.992,0.9804,0.0,0.041
Llama 3.1 8b,MS-LS1-1,39,0.6923,0.5358,0.8143,0.803,0.0,0.0628
Llama 3.1 8b,MS-LS1-2,27,0.8519,0.6752,0.9408,0.9722,0.0,0.0524
Llama 3.1 8b,MS-LS1-3,54,0.9074,0.8009,0.9598,0.881,0.0,0.0262
Llama 3.1 8b,MS-LS1-4,36,0.9167,0.7817,0.9713,0.9333,0.0,0.068
Llama 3.1 8b,MS-LS1-5,30,1.0,0.8865,1.0,1.0,0.0,0.0
Llama 3.1 8b,MS-LS1-6,24,0.6667,0.4671,0.8203,0.8611,0.0,0.0589
Llama 3.1 8b,MS-LS1-7,30,0.7,0.5212,0.8334,0.8958,0.0,0.0
Llama 3.1 8b,MS-LS1-8,27,0.8889,0.7194,0.9615,0.9167,0.0,0.0907
Llama 3.1 8b,MS-LS2-1,72,0.9306,0.8475,0.97,0.9583,0.0,0.0393
Llama 3.1 8b,MS-LS2-2,51,0.8431,0.7199,0.9183,0.869,0.0,0.1109
Llama 3.1 8b,MS-LS2-3,99,0.8283,0.7421,0.8899,0.8333,0.0,0.0143
Llama 3.1 8b,MS-LS2-4,42,0.881,0.75,0.9481,0.9028,0.0,0.0337
Llama 3.1 8b,MS-LS2-5,24,0.9583,0.7976,0.9926,1.0,0.0,0.0589
Llama 3.1 8b,MS-LS3-1,144,0.9236,0.8684,0.9568,0.9333,0.0,0.0098
Llama 3.1 8b,MS-LS3-2,111,0.7928,0.7082,0.8578,0.8506,0.0,0.0337
Llama 3.1 8b,MS-LS4-1,81,0.8025,0.703,0.8746,0.8933,0.0,0.0349
Llama 3.1 8b,MS-LS4-2,75,0.7733,0.6666,0.8534,0.9,0.0,0.068
Llama 3.1 8b,MS-LS4-3,36,0.5,0.3447,0.6553,0.75,0.0,0.068
Llama 3.1 8b,MS-LS4-4,27,0.8889,0.7194,0.9615,0.9286,0.0,0.0
Llama 3.1 8b,MS-LS4-5,15,0.7333,0.4805,0.891,0.7778,0.0,0.0943
Llama 3.1 8b,MS-LS4-6,33,0.9697,0.8468,0.9946,0.9444,0.0,0.0429
Llama 3.1 8b,MS-PS1-1,81,0.7901,0.6893,0.8646,0.8681,0.0,0.0462
Llama 3.1 8b,MS-PS1-2,21,0.5238,0.3237,0.7166,0.8333,0.0,0.1347
Llama 3.1 8b,MS-PS1-3,39,0.7179,0.5622,0.8346,0.7333,0.0,0.0363
Llama 3.1 8b,MS-PS1-4,51,0.7451,0.6113,0.8445,0.8095,0.0,0.0555
Llama 3.1 8b,MS-PS1-5,39,0.5897,0.4342,0.7292,0.7424,0.0,0.0363
Llama 3.1 8b,MS-PS1-6,30,0.4333,0.2738,0.608,0.4792,0.0,0.1247
Llama 3.1 8b,MS-PS2-1,60,0.5833,0.4573,0.6994,0.6471,0.0,0.0471
Llama 3.1 8b,MS-PS2-2,54,0.8519,0.734,0.923,0.8452,0.0,0.0693
Llama 3.1 8b,MS-PS2-3,72,0.7917,0.6843,0.8695,0.7821,0.0,0.0589
Llama 3.1 8b,MS-PS2-4,42,0.6905,0.5397,0.8093,0.7292,0.0,0.1468
Llama 3.1 8b,MS-PS2-5,45,0.7111,0.5663,0.8227,0.7333,0.0,0.0314
Llama 3.1 8b,MS-PS3-1,57,0.7719,0.6479,0.8616,0.7738,0.0,0.0248
Llama 3.1 8b,MS-PS3-2,54,0.8333,0.7126,0.9098,0.9,0.0,0.0786
Llama 3.1 8b,MS-PS3-3,66,0.7121,0.5936,0.8073,0.8846,0.0,0.0429
Llama 3.1 8b,MS-PS3-4,33,0.6061,0.4368,0.7532,0.6833,0.0,0.1134
Llama 3.1 8b,MS-PS3-5,42,0.7619,0.6147,0.8652,0.8667,0.0,0.1214
Llama 3.1 8b,MS-PS4-1,78,0.8205,0.721,0.89,0.8917,0.0,0.0363
Llama 3.1 8b,MS-PS4-2,99,0.6768,0.5795,0.7608,0.7391,0.0,0.0714
Llama 3.1 8b,MS-PS4-3,87,0.8621,0.7742,0.9193,0.8958,0.0,0.0488
Llama 3.3 70b,MS-ESS1-1,78,0.9487,0.8754,0.9799,0.9608,0.0,0.0181
Llama 3.3 70b,MS-ESS1-2,66,0.8939,0.7969,0.9477,0.9222,0.0,0.0214
Llama 3.3 70b,MS-ESS1-3,87,0.8966,0.815,0.9446,0.9127,0.0,0.0488
Llama 3.3 70b,MS-ESS1-4,57,0.9649,0.8808,0.9903,0.9444,0.0,0.0248
Llama 3.3 70b,MS-ESS2-1,48,0.8958,0.7783,0.9547,0.9394,0.0,0.0295
Llama 3.3 70b,MS-ESS2-2,60,0.9667,0.8864,0.9908,1.0,0.0,0.0236
Llama 3.3 70b,MS-ESS2-3,39,0.9231,0.7968,0.9735,0.9833,0.0,0.0
Llama 3.3 70b,MS-ESS2-4,54,0.9444,0.8489,0.9809,0.9545,0.0,0.0
Llama 3.3 70b,MS-ESS2-5,45,0.9111,0.7927,0.9649,0.9722,0.0,0.0314
Llama 3.3 70b,MS-ESS2-6,36,0.8056,0.6497,0.9025,0.8889,0.0,0.0393
Llama 3.3 70b,MS-ESS3-1,75,0.96,0.8889,0.9863,0.9762,0.0,0.0327
Llama 3.3 70b,MS-ESS3-2,69,0.8986,0.8051,0.95,0.9118,0.0,0.0542
Llama 3.3 70b,MS-ESS3-3,45,0.9778,0.8843,0.9961,0.9861,0.0,0.0314
Llama 3.3 70b,MS-ESS3-4,45,0.9333,0.8214,0.9771,0.9394,0.0,0.0544
Llama 3.3 70b,MS-ESS3-5,39,1.0,0.9103,1.0,0.9848,0.0,0.0
Llama 3.3 70b,MS-ETS1-1,84,0.9762,0.9173,0.9934,0.9933,0.0,0.0168
Llama 3.3 70b,MS-ETS1-2,54,1.0,0.9336,1.0,1.0,0.0,0.0
Llama 3.3 70b,MS-ETS1-3,57,0.9649,0.8808,0.9903,0.9722,0.0,0.0496
Llama 3.3 70b,MS-ETS1-4,69,0.9565,0.8798,0.9851,0.9706,0.0,0.0355
Llama 3.3 70b,MS-LS1-1,39,0.9744,0.8682,0.9955,0.9545,0.0,0.0363
Llama 3.3 70b,MS-LS1-2,27,0.9259,0.7663,0.9794,1.0,0.0,0.0524
Llama 3.3 70b,MS-LS1-3,54,0.963,0.8746,0.9898,1.0,0.0,0.0262
Llama 3.3 70b,MS-LS1-4,36,0.9444,0.8186,0.9846,0.9667,0.0,0.0393
Llama 3.3 70b,MS-LS1-5,30,0.9667,0.8333,0.9941,1.0,0.0,0.0471
Llama 3.3 70b,MS-LS1-6,24,1.0,0.862,1.0,0.9444,0.0,0.0
Llama 3.3 70b,MS-LS1-7,30,0.7333,0.5555,0.8582,0.875,0.0,0.0471
Llama 3.3 70b,MS-LS1-8,27,0.963,0.8172,0.9934,1.0,0.0,0.0524
Llama 3.3 70b,MS-LS2-1,72,0.9028,0.8126,0.9521,0.9667,0.0,0.0196
Llama 3.3 70b,MS-LS2-2,51,1.0,0.93,1.0,0.9881,0.0,0.0
Llama 3.3 70b,MS-LS2-3,99,0.9394,0.874,0.9719,0.9487,0.0,0.0247
Llama 3.3 70b,MS-LS2-4,42,1.0,0.9162,1.0,1.0,0.0,0.0
Llama 3.3 70b,MS-LS2-5,24,1.0,0.862,1.0,1.0,0.0,0.0
Llama 3.3 70b,MS-LS3-1,144,0.9861,0.9508,0.9962,0.9778,0.0,0.0196
Llama 3.3 70b,MS-LS3-2,111,0.9189,0.8531,0.9568,0.9598,0.0,0.0441
Llama 3.3 70b,MS-LS4-1,81,0.963,0.8967,0.9873,0.9667,0.0,0.0
Llama 3.3 70b,MS-LS4-2,75,0.9467,0.8707,0.9791,0.9917,0.0,0.0189
Llama 3.3 70b,MS-LS4-3,36,0.8611,0.7134,0.9392,1.0,0.0,0.0393
Llama 3.3 70b,MS-LS4-4,27,0.963,0.8172,0.9934,1.0,0.0,0.0524
Llama 3.3 70b,MS-LS4-5,15,1.0,0.7961,1.0,1.0,0.0,0.0
Llama 3.3 70b,MS-LS4-6,33,1.0,0.8957,1.0,1.0,0.0,0.0
Llama 3.3 70b,MS-PS1-1,81,0.8889,0.8021,0.9404,0.9444,0.0,0.0524
Llama 3.3 70b,MS-PS1-2,21,0.9524,0.7733,0.9915,1.0,0.0,0.0673
Llama 3.3 70b,MS-PS1-3,39,0.8974,0.7642,0.9594,0.9,0.0,0.0363
Llama 3.3 70b,MS-PS1-4,51,0.9608,0.8678,0.9892,0.9405,0.0,0.0277
Llama 3.3 70b,MS-PS1-5,39,0.7179,0.5622,0.8346,0.8182,0.0,0.0959
Llama 3.3 70b,MS-PS1-6,30,0.9,0.7438,0.9654,1.0,0.0,0.0
Llama 3.3 70b,MS-PS2-1,60,0.85,0.7389,0.919,0.8627,0.0,0.0408
Llama 3.3 70b,MS-PS2-2,54,0.963,0.8746,0.9898,0.9762,0.0,0.0262
Llama 3.3 70b,MS-PS2-3,72,0.875,0.7792,0.9328,0.859,0.0,0.034
Llama 3.3 70b,MS-PS2-4,42,0.881,0.75,0.9481,0.875,0.0,0.0891
Llama 3.3 70b,MS-PS2-5,45,0.8889,0.765,0.9516,0.9,0.0,0.0831
Llama 3.3 70b,MS-PS3-1,57,0.9649,0.8808,0.9903,0.9405,0.0,0.0248
Llama 3.3 70b,MS-PS3-2,54,0.9815,0.9023,0.9967,0.9778,0.0,0.0262
Llama 3.3 70b,MS-PS3-3,66,0.8788,0.7786,0.9373,0.9487,0.0,0.0567
Llama 3.3 70b,MS-PS3-4,33,0.8182,0.6561,0.9139,0.9,0.0,0.0742
Llama 3.3 70b,MS-PS3-5,42,0.8571,0.7216,0.9328,0.9,0.0,0.0583
Llama 3.3 70b,MS-PS4-1,78,0.8462,0.7501,0.9097,0.8667,0.0,0.0628
Llama 3.3 70b,MS-PS4-2,99,0.9293,0.8612,0.9653,0.9493,0.0,0.0286
Llama 3.3 70b,MS-PS4-3,87,0.9655,0.9035,0.9882,0.9688,0.0,0.0282
Mistral Small 3.1,MS-ESS1-1,78,0.8846,0.795,0.9381,0.9216,0.0,0.0
Mistral Small 3.1,MS-ESS1-2,66,0.8788,0.7786,0.9373,0.9222,0.0,0.0429
Mistral Small 3.1,MS-ESS1-3,87,0.7931,0.6965,0.8649,0.8651,0.0,0.0
Mistral Small 3.1,MS-ESS1-4,57,0.8947,0.7888,0.9509,0.9167,0.0,0.043
Mistral Small 3.1,MS-ESS2-1,48,0.8333,0.7042,0.913,0.8939,0.0,0.1062
Mistral Small 3.1,MS-ESS2-2,60,0.9167,0.8193,0.9639,0.95,0.0,0.0236
Mistral Small 3.1,MS-ESS2-3,39,0.9487,0.8311,0.9858,0.9667,0.0,0.0363
Mistral Small 3.1,MS-ESS2-4,54,0.8889,0.7781,0.9481,0.9848,0.0,0.0454
Mistral Small 3.1,MS-ESS2-5,45,0.9111,0.7927,0.9649,0.9583,0.0,0.0314
Mistral Small 3.1,MS-ESS2-6,36,0.75,0.5893,0.8625,0.8519,0.0,0.18
Mistral Small 3.1,MS-ESS3-1,75,0.9067,0.8197,0.9541,0.9286,0.0,0.0377
Mistral Small 3.1,MS-ESS3-2,69,0.913,0.823,0.9595,0.9314,0.0,0.071
Mistral Small 3.1,MS-ESS3-3,45,0.9778,0.8843,0.9961,0.9583,0.0,0.0314
Mistral Small 3.1,MS-ESS3-4,45,1.0,0.9213,1.0,0.9848,0.0,0.0
Mistral Small 3.1,MS-ESS3-5,39,0.9487,0.8311,0.9858,0.9697,0.0,0.0363
Mistral Small 3.1,MS-ETS1-1,84,0.9881,0.9356,0.9979,0.9933,0.0,0.0168
Mistral Small 3.1,MS-ETS1-2,54,0.9815,0.9023,0.9967,1.0,0.0,0.0262
Mistral Small 3.1,MS-ETS1-3,57,0.9298,0.833,0.9724,0.9306,0.0,0.0248
Mistral Small 3.1,MS-ETS1-4,69,0.9855,0.9224,0.9974,0.9902,0.0,0.0205
Mistral Small 3.1,MS-LS1-1,39,0.7436,0.5892,0.8543,0.8333,0.0,0.0959
Mistral Small 3.1,MS-LS1-2,27,0.963,0.8172,0.9934,1.0,0.0,0.0524
Mistral Small 3.1,MS-LS1-3,54,0.9444,0.8489,0.9809,0.9762,0.0,0.0
Mistral Small 3.1,MS-LS1-4,36,0.8889,0.7469,0.9559,0.95,0.0,0.0786
Mistral Small 3.1,MS-LS1-5,30,0.9,0.7438,0.9654,0.9444,0.0,0.0816
Mistral Small 3.1,MS-LS1-6,24,0.9583,0.7976,0.9926,0.9722,0.0,0.0589
Mistral Small 3.1,MS-LS1-7,30,0.7667,0.5907,0.8821,0.9167,0.0,0.0471
Mistral Small 3.1,MS-LS1-8,27,0.7407,0.5532,0.8683,0.8611,0.0,0.0524
Mistral Small 3.1,MS-LS2-1,72,0.9028,0.8126,0.9521,0.9583,0.0,0.0196
Mistral Small 3.1,MS-LS2-2,51,0.9216,0.815,0.9691,0.9643,0.0,0.0277
Mistral Small 3.1,MS-LS2-3,99,0.9394,0.874,0.9719,0.9744,0.0,0.0
Mistral Small 3.1,MS-LS2-4,42,1.0,0.9162,1.0,1.0,0.0,0.0
Mistral Small 3.1,MS-LS2-5,24,1.0,0.862,1.0,1.0,0.0,0.0
Mistral Small 3.1,MS-LS3-1,144,0.9236,0.8684,0.9568,0.9556,0.0,0.0196
Mistral Small 3.1,MS-LS3-2,111,0.9189,0.8531,0.9568,0.9655,0.0,0.0584
Mistral Small 3.1,MS-LS4-1,81,0.9506,0.8798,0.9806,0.9733,0.0,0.0349
Mistral Small 3.1,MS-LS4-2,75,0.8667,0.7717,0.9259,0.9083,0.0,0.0377
Mistral Small 3.1,MS-LS4-3,36,0.7222,0.5601,0.8415,0.7917,0.0,0.1571
Mistral Small 3.1,MS-LS4-4,27,0.963,0.8172,0.9934,1.0,0.0,0.0524
Mistral Small 3.1,MS-LS4-5,15,0.9333,0.7018,0.9881,0.9444,0.0,0.0943
Mistral Small 3.1,MS-LS4-6,33,0.9697,0.8468,0.9946,0.9444,0.0,0.0429
Mistral Small 3.1,MS-PS1-1,81,0.8765,0.7874,0.9315,0.9375,0.0,0.0175
Mistral Small 3.1,MS-PS1-2,21,0.9048,0.7109,0.9735,1.0,0.0,0.0673
Mistral Small 3.1,MS-PS1-3,39,0.8718,0.7329,0.944,0.9333,0.0,0.0959
Mistral Small 3.1,MS-PS1-4,51,0.902,0.7902,0.9574,0.9524,0.0,0.0277
Mistral Small 3.1,MS-PS1-5,39,0.8205,0.6733,0.9102,0.8939,0.0,0.0363
Mistral Small 3.1,MS-PS1-6,30,0.7,0.5212,0.8334,0.8542,0.0,0.1633
Mistral Small 3.1,MS-PS2-1,60,0.8667,0.7583,0.9309,0.8824,0.0,0.0236
Mistral Small 3.1,MS-PS2-2,54,0.9444,0.8489,0.9809,0.9762,0.0,0.0454
Mistral Small 3.1,MS-PS2-3,72,0.8611,0.7629,0.9228,0.9231,0.0,0.0196
Mistral Small 3.1,MS-PS2-4,42,0.881,0.75,0.9481,0.875,0.0,0.0337
Mistral Small 3.1,MS-PS2-5,45,0.8222,0.6867,0.9071,0.8667,0.0,0.0314
Mistral Small 3.1,MS-PS3-1,57,0.9474,0.8563,0.9819,0.9881,0.0,0.0744
Mistral Small 3.1,MS-PS3-2,54,0.9815,0.9023,0.9967,0.9889,0.0,0.0262
Mistral Small 3.1,MS-PS3-3,66,0.8182,0.7085,0.8928,0.8333,0.0,0.0742
Mistral Small 3.1,MS-PS3-4,33,0.8485,0.6908,0.9335,0.9,0.0,0.0429
Mistral Small 3.1,MS-PS3-5,42,0.8095,0.667,0.9002,0.9,0.0,0.1214
Mistral Small 3.1,MS-PS4-1,78,0.8462,0.7501,0.9097,0.8833,0.0,0.0544
Mistral Small 3.1,MS-PS4-2,99,0.9091,0.8362,0.9514,0.9348,0.0,0.0429
Mistral Small 3.1,MS-PS4-3,87,0.9195,0.8431,0.9605,0.9375,0.0,0.0586
Nemotron 3 Nano 30ba3,MS-ESS1-1,78,0.9359,0.8586,0.9723,0.951,0.0,0.0181
Nemotron 3 Nano 30ba3,MS-ESS1-2,66,0.9848,0.919,0.9973,0.9889,0.0,0.0214
Nemotron 3 Nano 30ba3,MS-ESS1-3,87,0.931,0.8576,0.968,0.9444,0.0,0.0
Nemotron 3 Nano 30ba3,MS-ESS1-4,57,0.9474,0.8563,0.9819,0.9583,0.0,0.043
Nemotron 3 Nano 30ba3,MS-ESS2-1,48,0.9583,0.8602,0.9885,0.9697,0.0,0.0295
Nemotron 3 Nano 30ba3,MS-ESS2-2,60,0.9833,0.9114,0.9971,1.0,0.0,0.0236
Nemotron 3 Nano 30ba3,MS-ESS2-3,39,1.0,0.9103,1.0,1.0,0.0,0.0
Nemotron 3 Nano 30ba3,MS-ESS2-4,54,1.0,0.9336,1.0,1.0,0.0,0.0
Nemotron 3 Nano 30ba3,MS-ESS2-5,45,0.9333,0.8214,0.9771,0.9722,0.0,0.0544
Nemotron 3 Nano 30ba3,MS-ESS2-6,36,0.8889,0.7469,0.9559,0.9259,0.0,0.0393
Nemotron 3 Nano 30ba3,MS-ESS3-1,75,1.0,0.9513,1.0,0.9881,0.0,0.0
Nemotron 3 Nano 30ba3,MS-ESS3-2,69,0.9565,0.8798,0.9851,0.9412,0.0,0.0
Nemotron 3 Nano 30ba3,MS-ESS3-3,45,0.9778,0.8843,0.9961,0.9861,0.0,0.0314
Nemotron 3 Nano 30ba3,MS-ESS3-4,45,0.9111,0.7927,0.9649,0.9697,0.0,0.0314
Nemotron 3 Nano 30ba3,MS-ESS3-5,39,0.9487,0.8311,0.9858,0.9394,0.0,0.0363
Nemotron 3 Nano 30ba3,MS-ETS1-1,84,1.0,0.9563,1.0,0.9933,0.0,0.0
Nemotron 3 Nano 30ba3,MS-ETS1-2,54,1.0,0.9336,1.0,1.0,0.0,0.0
Nemotron 3 Nano 30ba3,MS-ETS1-3,57,0.9649,0.8808,0.9903,0.9583,0.0,0.0248
Nemotron 3 Nano 30ba3,MS-ETS1-4,69,1.0,0.9473,1.0,1.0,0.0,0.0
Nemotron 3 Nano 30ba3,MS-LS1-1,39,0.9487,0.8311,0.9858,0.9545,0.0,0.0725
Nemotron 3 Nano 30ba3,MS-LS1-2,27,1.0,0.8754,1.0,1.0,0.0,0.0
Nemotron 3 Nano 30ba3,MS-LS1-3,54,0.9815,0.9023,0.9967,1.0,0.0,0.0262
Nemotron 3 Nano 30ba3,MS-LS1-4,36,0.9722,0.8583,0.9951,1.0,0.0,0.0393
Nemotron 3 Nano 30ba3,MS-LS1-5,30,1.0,0.8865,1.0,0.9722,0.0,0.0
Nemotron 3 Nano 30ba3,MS-LS1-6,24,1.0,0.862,1.0,0.9722,0.0,0.0
Nemotron 3 Nano 30ba3,MS-LS1-7,30,0.8333,0.6644,0.9266,0.9583,0.0,0.0471
Nemotron 3 Nano 30ba3,MS-LS1-8,27,0.963,0.8172,0.9934,1.0,0.0,0.0524
Nemotron 3 Nano 30ba3,MS-LS2-1,72,0.9444,0.8657,0.9782,0.9917,0.0,0.0196
Nemotron 3 Nano 30ba3,MS-LS2-2,51,1.0,0.93,1.0,1.0,0.0,0.0
Nemotron 3 Nano 30ba3,MS-LS2-3,99,0.9394,0.874,0.9719,0.9872,0.0,0.0247
Nemotron 3 Nano 30ba3,MS-LS2-4,42,1.0,0.9162,1.0,1.0,0.0,0.0
Nemotron 3 Nano 30ba3,MS-LS2-5,24,1.0,0.862,1.0,1.0,0.0,0.0
Nemotron 3 Nano 30ba3,MS-LS3-1,144,0.9861,0.9508,0.9962,0.9778,0.0,0.0196
Nemotron 3 Nano 30ba3,MS-LS3-2,111,0.991,0.9507,0.9984,0.9885,0.0,0.0127
Nemotron 3 Nano 30ba3,MS-LS4-1,81,0.9877,0.9333,0.9978,0.9867,0.0,0.0175
Nemotron 3 Nano 30ba3,MS-LS4-2,75,0.9733,0.9079,0.9927,0.9917,0.0,0.0377
Nemotron 3 Nano 30ba3,MS-LS4-3,36,0.8889,0.7469,0.9559,0.9583,0.0,0.0786
Nemotron 3 Nano 30ba3,MS-LS4-4,27,1.0,0.8754,1.0,1.0,0.0,0.0
Nemotron 3 Nano 30ba3,MS-LS4-5,15,1.0,0.7961,1.0,1.0,0.0,0.0
Nemotron 3 Nano 30ba3,MS-LS4-6,33,1.0,0.8957,1.0,1.0,0.0,0.0
Nemotron 3 Nano 30ba3,MS-PS1-1,81,0.9506,0.8798,0.9806,0.9792,0.0,0.0462
Nemotron 3 Nano 30ba3,MS-PS1-2,21,0.9524,0.7733,0.9915,1.0,0.0,0.0673
Nemotron 3 Nano 30ba3,MS-PS1-3,39,1.0,0.9103,1.0,0.9667,0.0,0.0
Nemotron 3 Nano 30ba3,MS-PS1-4,51,0.9412,0.8408,0.9798,0.9524,0.0,0.0
Nemotron 3 Nano 30ba3,MS-PS1-5,39,0.8205,0.6733,0.9102,0.8636,0.0,0.0363
Nemotron 3 Nano 30ba3,MS-PS1-6,30,0.9,0.7438,0.9654,0.9167,0.0,0.0816
Nemotron 3 Nano 30ba3,MS-PS2-1,60,0.8333,0.7197,0.9069,0.8627,0.0,0.0624
Nemotron 3 Nano 30ba3,MS-PS2-2,54,1.0,0.9336,1.0,0.9762,0.0,0.0
Nemotron 3 Nano 30ba3,MS-PS2-3,72,0.9444,0.8657,0.9782,0.9615,0.0,0.0196
Nemotron 3 Nano 30ba3,MS-PS2-4,42,0.9762,0.8768,0.9958,0.9583,0.0,0.0337
Nemotron 3 Nano 30ba3,MS-PS2-5,45,0.9111,0.7927,0.9649,0.9667,0.0,0.0314
Nemotron 3 Nano 30ba3,MS-PS3-1,57,1.0,0.9369,1.0,0.9881,0.0,0.0
Nemotron 3 Nano 30ba3,MS-PS3-2,54,0.9815,0.9023,0.9967,0.9889,0.0,0.0262
Nemotron 3 Nano 30ba3,MS-PS3-3,66,0.9394,0.8543,0.9762,0.9615,0.0,0.0567
Nemotron 3 Nano 30ba3,MS-PS3-4,33,0.9697,0.8468,0.9946,0.9667,0.0,0.0429
Nemotron 3 Nano 30ba3,MS-PS3-5,42,0.9524,0.8421,0.9868,0.95,0.0,0.0337
Nemotron 3 Nano 30ba3,MS-PS4-1,78,0.9359,0.8586,0.9723,0.9583,0.0,0.048
Nemotron 3 Nano 30ba3,MS-PS4-2,99,0.9697,0.9147,0.9896,0.9783,0.0,0.0
Nemotron 3 Nano 30ba3,MS-PS4-3,87,1.0,0.9577,1.0,1.0,0.0,0.0
OSS 120b,MS-ESS1-1,78,0.9744,0.9112,0.9929,0.9706,0.0,0.0363
OSS 120b,MS-ESS1-2,66,0.9848,0.919,0.9973,1.0,0.0,0.0214
OSS 120b,MS-ESS1-3,87,0.977,0.92,0.9937,0.9841,0.0,0.0325
OSS 120b,MS-ESS1-4,57,0.9825,0.9071,0.9969,0.9861,0.0,0.0248
OSS 120b,MS-ESS2-1,48,1.0,0.9259,1.0,0.9848,0.0,0.0
OSS 120b,MS-ESS2-2,60,0.9667,0.8864,0.9908,0.9833,0.0,0.0471
OSS 120b,MS-ESS2-3,39,0.9744,0.8682,0.9955,0.9667,0.0,0.0363
OSS 120b,MS-ESS2-4,54,0.9815,0.9023,0.9967,0.9848,0.0,0.0262
OSS 120b,MS-ESS2-5,45,0.9778,0.8843,0.9961,1.0,0.0,0.0314
OSS 120b,MS-ESS2-6,36,0.9722,0.8583,0.9951,0.9815,0.0,0.0393
OSS 120b,MS-ESS3-1,75,1.0,0.9513,1.0,1.0,0.0,0.0
OSS 120b,MS-ESS3-2,69,0.942,0.8602,0.9772,0.951,0.0,0.0205
OSS 120b,MS-ESS3-3,45,1.0,0.9213,1.0,1.0,0.0,0.0
OSS 120b,MS-ESS3-4,45,0.9556,0.8517,0.9877,0.9697,0.0,0.0314
OSS 120b,MS-ESS3-5,39,0.9487,0.8311,0.9858,0.9848,0.0,0.0725
OSS 120b,MS-ETS1-1,84,0.9881,0.9356,0.9979,0.9933,0.0,0.0168
OSS 120b,MS-ETS1-2,54,1.0,0.9336,1.0,1.0,0.0,0.0
OSS 120b,MS-ETS1-3,57,0.9825,0.9071,0.9969,0.9861,0.0,0.0248
OSS 120b,MS-ETS1-4,69,1.0,0.9473,1.0,1.0,0.0,0.0
OSS 120b,MS-LS1-1,39,0.9744,0.8682,0.9955,0.9848,0.0,0.0363
OSS 120b,MS-LS1-2,27,1.0,0.8754,1.0,1.0,0.0,0.0
OSS 120b,MS-LS1-3,54,1.0,0.9336,1.0,1.0,0.0,0.0
OSS 120b,MS-LS1-4,36,0.9722,0.8583,0.9951,0.9833,0.0,0.0393
OSS 120b,MS-LS1-5,30,1.0,0.8865,1.0,1.0,0.0,0.0
OSS 120b,MS-LS1-6,24,1.0,0.862,1.0,1.0,0.0,0.0
OSS 120b,MS-LS1-7,30,0.9,0.7438,0.9654,1.0,0.0,0.0
OSS 120b,MS-LS1-8,27,0.963,0.8172,0.9934,1.0,0.0,0.0524
OSS 120b,MS-LS2-1,72,0.8889,0.7958,0.9426,0.9583,0.0,0.0393
OSS 120b,MS-LS2-2,51,1.0,0.93,1.0,1.0,0.0,0.0
OSS 120b,MS-LS2-3,99,0.9798,0.9293,0.9944,0.9744,0.0,0.0143
OSS 120b,MS-LS2-4,42,1.0,0.9162,1.0,1.0,0.0,0.0
OSS 120b,MS-LS2-5,24,1.0,0.862,1.0,1.0,0.0,0.0
OSS 120b,MS-LS3-1,144,0.9931,0.9617,0.9988,1.0,0.0,0.0098
OSS 120b,MS-LS3-2,111,1.0,0.9665,1.0,0.9943,0.0,0.0
OSS 120b,MS-LS4-1,81,1.0,0.9547,1.0,1.0,0.0,0.0
OSS 120b,MS-LS4-2,75,0.9867,0.9283,0.9976,0.9917,0.0,0.0189
OSS 120b,MS-LS4-3,36,1.0,0.9036,1.0,1.0,0.0,0.0
OSS 120b,MS-LS4-4,27,1.0,0.8754,1.0,1.0,0.0,0.0
OSS 120b,MS-LS4-5,15,1.0,0.7961,1.0,1.0,0.0,0.0
OSS 120b,MS-LS4-6,33,1.0,0.8957,1.0,1.0,0.0,0.0
OSS 120b,MS-PS1-1,81,0.963,0.8967,0.9873,0.9861,0.0,0.0302
OSS 120b,MS-PS1-2,21,0.9524,0.7733,0.9915,0.9167,0.0,0.0673
OSS 120b,MS-PS1-3,39,0.9744,0.8682,0.9955,0.9667,0.0,0.0363
OSS 120b,MS-PS1-4,51,0.9804,0.897,0.9965,0.9881,0.0,0.0277
OSS 120b,MS-PS1-5,39,1.0,0.9103,1.0,1.0,0.0,0.0
OSS 120b,MS-PS1-6,30,1.0,0.8865,1.0,1.0,0.0,0.0
OSS 120b,MS-PS2-1,60,0.9,0.7985,0.9534,0.9216,0.0,0.0408
OSS 120b,MS-PS2-2,54,1.0,0.9336,1.0,1.0,0.0,0.0
OSS 120b,MS-PS2-3,72,0.9722,0.9043,0.9923,0.9744,0.0,0.0196
OSS 120b,MS-PS2-4,42,0.9048,0.7793,0.9623,0.9167,0.0,0.0337
OSS 120b,MS-PS2-5,45,1.0,0.9213,1.0,1.0,0.0,0.0
OSS 120b,MS-PS3-1,57,1.0,0.9369,1.0,1.0,0.0,0.0
OSS 120b,MS-PS3-2,54,1.0,0.9336,1.0,1.0,0.0,0.0
OSS 120b,MS-PS3-3,66,0.9697,0.8961,0.9917,1.0,0.0,0.0214
OSS 120b,MS-PS3-4,33,1.0,0.8957,1.0,1.0,0.0,0.0
OSS 120b,MS-PS3-5,42,1.0,0.9162,1.0,1.0,0.0,0.0
OSS 120b,MS-PS4-1,78,1.0,0.9531,1.0,1.0,0.0,0.0
OSS 120b,MS-PS4-2,99,0.9899,0.945,0.9982,0.9928,0.0,0.0143
OSS 120b,MS-PS4-3,87,0.977,0.92,0.9937,0.9896,0.0,0.0163
OSS 20b,MS-ESS1-1,78,0.9359,0.8586,0.9723,0.9608,0.0,0.0181
OSS 20b,MS-ESS1-2,66,0.9394,0.8543,0.9762,0.9556,0.0,0.0429
OSS 20b,MS-ESS1-3,87,0.9195,0.8431,0.9605,0.9286,0.0,0.0325
OSS 20b,MS-ESS1-4,57,0.9298,0.833,0.9724,0.9167,0.0,0.0656
OSS 20b,MS-ESS2-1,48,0.9167,0.8045,0.9671,0.9697,0.0,0.0295
OSS 20b,MS-ESS2-2,60,0.95,0.863,0.9829,0.9667,0.0,0.0408
OSS 20b,MS-ESS2-3,39,0.9231,0.7968,0.9735,0.9333,0.0,0.0628
OSS 20b,MS-ESS2-4,54,0.9259,0.8245,0.9708,0.9394,0.0,0.0262
OSS 20b,MS-ESS2-5,45,0.9778,0.8843,0.9961,0.9583,0.0,0.0314
OSS 20b,MS-ESS2-6,36,0.7222,0.5601,0.8415,0.7963,0.0,0.0393
OSS 20b,MS-ESS3-1,75,0.9333,0.8532,0.9712,0.9286,0.0,0.0189
OSS 20b,MS-ESS3-2,69,0.9275,0.8413,0.9687,0.9314,0.0,0.041
OSS 20b,MS-ESS3-3,45,0.9556,0.8517,0.9877,0.9583,0.0,0.0314
OSS 20b,MS-ESS3-4,45,0.9778,0.8843,0.9961,1.0,0.0,0.0314
OSS 20b,MS-ESS3-5,39,0.9744,0.8682,0.9955,0.9848,0.0,0.0363
OSS 20b,MS-ETS1-1,84,1.0,0.9563,1.0,1.0,0.0,0.0
OSS 20b,MS-ETS1-2,54,1.0,0.9336,1.0,0.9815,0.0,0.0
OSS 20b,MS-ETS1-3,57,0.9825,0.9071,0.9969,0.9861,0.0,0.0248
OSS 20b,MS-ETS1-4,69,1.0,0.9473,1.0,1.0,0.0,0.0
OSS 20b,MS-LS1-1,39,0.9744,0.8682,0.9955,0.9697,0.0,0.0363
OSS 20b,MS-LS1-2,27,1.0,0.8754,1.0,1.0,0.0,0.0
OSS 20b,MS-LS1-3,54,0.963,0.8746,0.9898,1.0,0.0,0.0262
OSS 20b,MS-LS1-4,36,0.9444,0.8186,0.9846,0.9667,0.0,0.0393
OSS 20b,MS-LS1-5,30,1.0,0.8865,1.0,1.0,0.0,0.0
OSS 20b,MS-LS1-6,24,0.9167,0.7415,0.9768,0.9444,0.0,0.0589
OSS 20b,MS-LS1-7,30,0.9333,0.7868,0.9815,1.0,0.0,0.0471
OSS 20b,MS-LS1-8,27,0.8889,0.7194,0.9615,0.9722,0.0,0.0
OSS 20b,MS-LS2-1,72,0.9583,0.8845,0.9857,1.0,0.0,0.0
OSS 20b,MS-LS2-2,51,0.9804,0.897,0.9965,0.9881,0.0,0.0277
OSS 20b,MS-LS2-3,99,0.9495,0.8872,0.9782,1.0,0.0,0.0515
OSS 20b,MS-LS2-4,42,0.9524,0.8421,0.9868,0.9722,0.0,0.0337
OSS 20b,MS-LS2-5,24,1.0,0.862,1.0,1.0,0.0,0.0
OSS 20b,MS-LS3-1,144,0.9792,0.9405,0.9929,0.9889,0.0,0.0
OSS 20b,MS-LS3-2,111,0.9369,0.8755,0.9691,0.9713,0.0,0.0337
OSS 20b,MS-LS4-1,81,0.9753,0.9144,0.9932,0.96,0.0,0.0175
OSS 20b,MS-LS4-2,75,0.72,0.6096,0.809,0.825,0.0,0.0864
OSS 20b,MS-LS4-3,36,0.8056,0.6497,0.9025,1.0,0.0,0.0393
OSS 20b,MS-LS4-4,27,0.9259,0.7663,0.9794,0.9524,0.0,0.0524
OSS 20b,MS-LS4-5,15,0.8667,0.6212,0.9626,0.9444,0.0,0.0943
OSS 20b,MS-LS4-6,33,1.0,0.8957,1.0,1.0,0.0,0.0
OSS 20b,MS-PS1-1,81,0.9383,0.8635,0.9733,0.9653,0.0,0.0349
OSS 20b,MS-PS1-2,21,0.9048,0.7109,0.9735,0.9167,0.0,0.1347
OSS 20b,MS-PS1-3,39,0.9487,0.8311,0.9858,0.9333,0.0,0.0725
OSS 20b,MS-PS1-4,51,0.9216,0.815,0.9691,0.9405,0.0,0.0277
OSS 20b,MS-PS1-5,39,0.9487,0.8311,0.9858,0.9697,0.0,0.0363
OSS 20b,MS-PS1-6,30,0.9667,0.8333,0.9941,0.9792,0.0,0.0471
OSS 20b,MS-PS2-1,60,0.8167,0.7008,0.8944,0.8725,0.0,0.0624
OSS 20b,MS-PS2-2,54,0.963,0.8746,0.9898,0.9524,0.0,0.0262
OSS 20b,MS-PS2-3,72,0.9306,0.8475,0.97,0.9103,0.0,0.0196
OSS 20b,MS-PS2-4,42,0.881,0.75,0.9481,0.8542,0.0,0.1214
OSS 20b,MS-PS2-5,45,0.8444,0.7122,0.9225,0.8667,0.0,0.0831
OSS 20b,MS-PS3-1,57,0.9825,0.9071,0.9969,0.9881,0.0,0.0248
OSS 20b,MS-PS3-2,54,1.0,0.9336,1.0,1.0,0.0,0.0
OSS 20b,MS-PS3-3,66,0.9242,0.8346,0.9672,0.9231,0.0,0.0429
OSS 20b,MS-PS3-4,33,0.9697,0.8468,0.9946,1.0,0.0,0.0429
OSS 20b,MS-PS3-5,42,0.9524,0.8421,0.9868,0.95,0.0,0.0337
OSS 20b,MS-PS4-1,78,0.9359,0.8586,0.9723,0.9583,0.0,0.0654
OSS 20b,MS-PS4-2,99,0.9192,0.8486,0.9585,0.9275,0.0,0.0378
OSS 20b,MS-PS4-3,87,0.9655,0.9035,0.9882,1.0,0.0,0.0
