model,area,n,binary_accuracy,wilson_low,wilson_high,rubric_mean,refusal_rate,run_acc_std
Gemma 3 27b,MS-ESS1,288,0.9306,0.8952,0.9546,0.9308,0.0,0.0196
Gemma 3 27b,MS-ESS2,282,0.8936,0.8522,0.9245,0.9127,0.0,0.0087
Gemma 3 27b,MS-ESS3,273,0.8681,0.8228,0.9032,0.9128,0.0,0.0237
Gemma 3 27b,MS-ETS1,264,0.8939,0.851,0.9256,0.873,0.0,0.0214
Gemma 3 27b,MS-LS1,267,0.9551,0.9231,0.9741,0.9806,0.0,0.0092
Gemma 3 27b,MS-LS2,288,0.9549,0.9243,0.9734,0.9692,0.0,0.0098
Gemma 3 27b,MS-LS3,255,0.9176,0.8774,0.9455,0.9435,0.0,0.0096
Gemma 3 27b,MS-LS4,267,0.9438,0.9094,0.9657,0.9785,0.0,0.0243
Gemma 3 27b,MS-PS1,261,0.8774,0.832,0.9118,0.8802,0.0,0.0355
Gemma 3 27b,MS-PS2,273,0.9048,0.8641,0.9342,0.9409,0.0,0.0187
Gemma 3 27b,MS-PS3,252,0.9683,0.9386,0.9838,0.9812,0.0,0.0148
Gemma 3 27b,MS-PS4,264,0.947,0.913,0.9682,0.9576,0.0,0.0142
Gemma 4 31b,MS-ESS1,288,0.9688,0.9417,0.9835,0.9744,0.0,0.0085
Gemma 4 31b,MS-ESS2,282,0.9716,0.945,0.9856,0.9921,0.0,0.01
Gemma 4 31b,MS-ESS3,273,0.9817,0.9579,0.9922,0.9872,0.0,0.0137
Gemma 4 31b,MS-ETS1,264,0.9924,0.9728,0.9979,0.9947,0.0,0.0054
Gemma 4 31b,MS-LS1,267,0.9551,0.9231,0.9741,0.9861,0.0,0.0092
Gemma 4 31b,MS-LS2,288,0.9722,0.9462,0.9859,0.9923,0.0,0.0049
Gemma 4 31b,MS-LS3,255,0.9922,0.9719,0.9978,0.9944,0.0,0.0111
Gemma 4 31b,MS-LS4,267,0.9813,0.9569,0.992,0.9919,0.0,0.0106
Gemma 4 31b,MS-PS1,261,0.977,0.9508,0.9894,0.9818,0.0,0.0094
Gemma 4 31b,MS-PS2,273,0.9817,0.9579,0.9922,0.9785,0.0,0.0052
Gemma 4 31b,MS-PS3,252,0.9921,0.9715,0.9978,0.9946,0.0,0.0056
Gemma 4 31b,MS-PS4,264,0.9886,0.9671,0.9961,0.9915,0.0,0.0
Granite 3.3 Instruct,MS-ESS1,288,0.7674,0.7152,0.8124,0.8051,0.0,0.0436
Granite 3.3 Instruct,MS-ESS2,282,0.8085,0.7586,0.8502,0.8598,0.0,0.015
Granite 3.3 Instruct,MS-ESS3,273,0.9121,0.8725,0.9402,0.941,0.0,0.0237
Granite 3.3 Instruct,MS-ETS1,264,0.9432,0.9084,0.9653,0.9524,0.0,0.0161
Granite 3.3 Instruct,MS-LS1,267,0.8689,0.8231,0.9042,0.9083,0.0,0.0371
Granite 3.3 Instruct,MS-LS2,288,0.8958,0.8552,0.9261,0.9359,0.0,0.0085
Granite 3.3 Instruct,MS-LS3,255,0.8549,0.8064,0.8929,0.8983,0.0,0.0222
Granite 3.3 Instruct,MS-LS4,267,0.8427,0.7942,0.8815,0.9194,0.0,0.0331
Granite 3.3 Instruct,MS-PS1,261,0.7165,0.659,0.7677,0.7891,0.0,0.0143
Granite 3.3 Instruct,MS-PS2,273,0.7473,0.6925,0.7951,0.7742,0.0,0.0155
Granite 3.3 Instruct,MS-PS3,252,0.7857,0.731,0.8319,0.8387,0.0,0.0257
Granite 3.3 Instruct,MS-PS4,264,0.8523,0.8044,0.89,0.8927,0.0,0.0425
Llama 3.1 8b,MS-ESS1,288,0.6806,0.6246,0.7317,0.7436,0.0,0.0299
Llama 3.1 8b,MS-ESS2,282,0.7589,0.7057,0.8051,0.8333,0.0,0.0362
Llama 3.1 8b,MS-ESS3,273,0.8828,0.8392,0.9157,0.9077,0.0,0.0052
Llama 3.1 8b,MS-ETS1,264,0.9697,0.9414,0.9846,0.9762,0.0,0.0193
Llama 3.1 8b,MS-LS1,267,0.8352,0.786,0.8749,0.9,0.0,0.0053
Llama 3.1 8b,MS-LS2,288,0.875,0.8318,0.9083,0.9077,0.0,0.017
Llama 3.1 8b,MS-LS3,255,0.8667,0.8195,0.903,0.8927,0.0,0.02
Llama 3.1 8b,MS-LS4,267,0.779,0.7255,0.8246,0.8871,0.0,0.0322
Llama 3.1 8b,MS-PS1,261,0.6782,0.6193,0.7319,0.7734,0.0,0.0094
Llama 3.1 8b,MS-PS2,273,0.7289,0.6733,0.7782,0.7446,0.0,0.0104
Llama 3.1 8b,MS-PS3,252,0.746,0.6889,0.7958,0.828,0.0,0.0202
Llama 3.1 8b,MS-PS4,264,0.7803,0.7265,0.826,0.8333,0.0,0.0142
Llama 3.3 70b,MS-ESS1,288,0.9236,0.8871,0.949,0.9333,0.0,0.013
Llama 3.3 70b,MS-ESS2,282,0.9149,0.8765,0.9421,0.9577,0.0,0.015
Llama 3.3 70b,MS-ESS3,273,0.9487,0.9158,0.9692,0.9564,0.0,0.0137
Llama 3.3 70b,MS-ETS1,264,0.9735,0.9463,0.9871,0.9841,0.0,0.0054
Llama 3.3 70b,MS-LS1,267,0.9363,0.9004,0.9599,0.9639,0.0,0.0231
Llama 3.3 70b,MS-LS2,288,0.9549,0.9243,0.9734,0.9769,0.0,0.0049
Llama 3.3 70b,MS-LS3,255,0.9569,0.9244,0.9757,0.9689,0.0,0.0222
Llama 3.3 70b,MS-LS4,267,0.9513,0.9185,0.9713,0.9839,0.0,0.014
Llama 3.3 70b,MS-PS1,261,0.8851,0.8407,0.9183,0.9271,0.0,0.0163
Llama 3.3 70b,MS-PS2,273,0.8901,0.8475,0.9219,0.8952,0.0,0.0
Llama 3.3 70b,MS-PS3,252,0.9087,0.8668,0.9384,0.9382,0.0,0.0148
Llama 3.3 70b,MS-PS4,264,0.9167,0.8771,0.9443,0.9266,0.0,0.0375
Mistral Small 3.1,MS-ESS1,288,0.8576,0.8126,0.8933,0.9026,0.0,0.013
Mistral Small 3.1,MS-ESS2,282,0.8794,0.8362,0.9124,0.9365,0.0,0.0509
Mistral Small 3.1,MS-ESS3,273,0.9414,0.9069,0.9636,0.9513,0.0,0.0226
Mistral Small 3.1,MS-ETS1,264,0.9735,0.9463,0.9871,0.9815,0.0,0.0142
Mistral Small 3.1,MS-LS1,267,0.8652,0.819,0.901,0.925,0.0,0.0092
Mistral Small 3.1,MS-LS2,288,0.941,0.9075,0.9628,0.9744,0.0,0.0049
Mistral Small 3.1,MS-LS3,255,0.9216,0.882,0.9487,0.9605,0.0,0.0337
Mistral Small 3.1,MS-LS4,267,0.8989,0.8569,0.9296,0.9409,0.0,0.0331
Mistral Small 3.1,MS-PS1,261,0.8544,0.8065,0.8921,0.9245,0.0,0.0143
Mistral Small 3.1,MS-PS2,273,0.8755,0.831,0.9095,0.9086,0.0,0.0104
Mistral Small 3.1,MS-PS3,252,0.8849,0.8396,0.9187,0.9274,0.0,0.0499
Mistral Small 3.1,MS-PS4,264,0.8939,0.851,0.9256,0.9181,0.0,0.0193
Nemotron 3 Nano 30ba3,MS-ESS1,288,0.9479,0.9159,0.9682,0.959,0.0,0.0147
Nemotron 3 Nano 30ba3,MS-ESS2,282,0.9645,0.936,0.9806,0.9788,0.0,0.005
Nemotron 3 Nano 30ba3,MS-ESS3,273,0.9634,0.9339,0.98,0.9641,0.0,0.0137
Nemotron 3 Nano 30ba3,MS-ETS1,264,0.9924,0.9728,0.9979,0.9894,0.0,0.0054
Nemotron 3 Nano 30ba3,MS-LS1,267,0.9625,0.9324,0.9795,0.9806,0.0,0.0191
Nemotron 3 Nano 30ba3,MS-LS2,288,0.9653,0.9373,0.981,0.9949,0.0,0.0049
Nemotron 3 Nano 30ba3,MS-LS3,255,0.9882,0.966,0.996,0.9831,0.0,0.0096
Nemotron 3 Nano 30ba3,MS-LS4,267,0.9738,0.9469,0.9872,0.9892,0.0,0.0191
Nemotron 3 Nano 30ba3,MS-PS1,261,0.931,0.8936,0.9559,0.9453,0.0,0.0188
Nemotron 3 Nano 30ba3,MS-PS2,273,0.9304,0.8939,0.955,0.9382,0.0,0.0104
Nemotron 3 Nano 30ba3,MS-PS3,252,0.9683,0.9386,0.9838,0.9731,0.0,0.0056
Nemotron 3 Nano 30ba3,MS-PS4,264,0.9697,0.9414,0.9846,0.9774,0.0,0.0142
OSS 120b,MS-ESS1,288,0.9792,0.9553,0.9904,0.9846,0.0,0.0147
OSS 120b,MS-ESS2,282,0.9787,0.9544,0.9902,0.9841,0.0,0.023
OSS 120b,MS-ESS3,273,0.9707,0.9433,0.9851,0.9795,0.0,0.0137
OSS 120b,MS-ETS1,264,0.9924,0.9728,0.9979,0.9947,0.0,0.0054
OSS 120b,MS-LS1,267,0.9775,0.9518,0.9897,0.9944,0.0,0.0092
OSS 120b,MS-LS2,288,0.9653,0.9373,0.981,0.9821,0.0,0.013
OSS 120b,MS-LS3,255,0.9961,0.9781,0.9993,0.9972,0.0,0.0055
OSS 120b,MS-LS4,267,0.9963,0.9791,0.9993,0.9973,0.0,0.0053
OSS 120b,MS-PS1,261,0.977,0.9508,0.9894,0.987,0.0,0.0094
OSS 120b,MS-PS2,273,0.956,0.9248,0.9747,0.9624,0.0,0.0155
OSS 120b,MS-PS3,252,0.9921,0.9715,0.9978,1.0,0.0,0.0056
OSS 120b,MS-PS4,264,0.9886,0.9671,0.9961,0.9944,0.0,0.0
OSS 20b,MS-ESS1,288,0.9306,0.8952,0.9546,0.941,0.0,0.0214
OSS 20b,MS-ESS2,282,0.9113,0.8724,0.9392,0.9312,0.0,0.005
OSS 20b,MS-ESS3,273,0.9487,0.9158,0.9692,0.9564,0.0,0.0187
OSS 20b,MS-ETS1,264,0.9962,0.9789,0.9993,0.9947,0.0,0.0054
OSS 20b,MS-LS1,267,0.9551,0.9231,0.9741,0.9806,0.0,0.0183
OSS 20b,MS-LS2,288,0.9618,0.9329,0.9785,0.9923,0.0,0.026
OSS 20b,MS-LS3,255,0.9608,0.9293,0.9786,0.9802,0.0,0.0147
OSS 20b,MS-LS4,267,0.8727,0.8273,0.9074,0.9194,0.0,0.0347
OSS 20b,MS-PS1,261,0.9387,0.9028,0.9619,0.9583,0.0,0.0054
OSS 20b,MS-PS2,273,0.8901,0.8475,0.9219,0.8952,0.0,0.0324
OSS 20b,MS-PS3,252,0.9643,0.9335,0.9811,0.9731,0.0,0.0168
OSS 20b,MS-PS4,264,0.9394,0.9038,0.9624,0.9576,0.0,0.0107
