question_id,area,question_type,fraction_correct,discrimination,trivial,broken
MS-ESS1-025,MS-ESS1,conceptual,0.481,0.355,0,0
MS-ESS1-076,MS-ESS1,applied,0.556,0.314,0,0
MS-ESS1-038,MS-ESS1,conceptual,0.63,0.246,0,0
MS-ESS1-057,MS-ESS1,applied,0.63,0.399,0,0
MS-ESS1-037,MS-ESS1,conceptual,0.704,0.246,0,0
MS-ESS1-054,MS-ESS1,applied,0.704,0.331,0,0
MS-ESS1-075,MS-ESS1,applied,0.704,0.367,0,0
MS-ESS1-033,MS-ESS1,conceptual,0.741,0.262,0,0
MS-ESS1-048,MS-ESS1,applied,0.741,0.21,0,0
MS-ESS1-055,MS-ESS1,applied,0.741,0.262,0,0
MS-ESS1-084,MS-ESS1,recall,0.741,0.343,0,0
MS-ESS1-045,MS-ESS1,applied,0.778,0.272,0,0
MS-ESS1-050,MS-ESS1,applied,0.778,0.314,0,0
MS-ESS1-088,MS-ESS1,conceptual,0.778,0.272,0,0
MS-ESS1-090,MS-ESS1,conceptual,0.778,0.272,0,0
MS-ESS1-094,MS-ESS1,conceptual,0.778,0.272,0,0
MS-ESS1-095,MS-ESS1,applied,0.778,0.314,0,0
MS-ESS1-032,MS-ESS1,conceptual,0.815,0.319,0,0
MS-ESS1-058,MS-ESS1,applied,0.815,0.277,0,0
MS-ESS1-063,MS-ESS1,applied,0.815,0.228,0,0
MS-ESS1-071,MS-ESS1,applied,0.815,0.355,0,0
MS-ESS1-082,MS-ESS1,applied,0.815,0.319,0,0
MS-ESS1-009,MS-ESS1,recall,0.852,0.319,0,0
MS-ESS1-019,MS-ESS1,conceptual,0.852,0.228,0,0
MS-ESS1-028,MS-ESS1,conceptual,0.852,0.228,0,0
MS-ESS1-030,MS-ESS1,conceptual,0.852,0.228,0,0
MS-ESS1-034,MS-ESS1,conceptual,0.852,0.319,0,0
MS-ESS1-039,MS-ESS1,conceptual,0.852,0.166,0,0
MS-ESS1-041,MS-ESS1,conceptual,0.852,0.277,0,0
MS-ESS1-049,MS-ESS1,applied,0.852,0.228,0,0
MS-ESS1-051,MS-ESS1,applied,0.852,0.228,0,0
MS-ESS1-060,MS-ESS1,applied,0.852,0.228,0,0
MS-ESS1-073,MS-ESS1,applied,0.852,0.228,0,0
MS-ESS1-077,MS-ESS1,applied,0.852,0.228,0,0
MS-ESS1-004,MS-ESS1,recall,0.889,0.222,0,0
MS-ESS1-006,MS-ESS1,recall,0.889,0.157,0,0
MS-ESS1-011,MS-ESS1,recall,0.889,0.157,0,0
MS-ESS1-012,MS-ESS1,recall,0.889,0.222,0,0
MS-ESS1-013,MS-ESS1,recall,0.889,0.314,0,0
MS-ESS1-014,MS-ESS1,recall,0.889,0.222,0,0
MS-ESS1-015,MS-ESS1,recall,0.889,0.157,0,0
MS-ESS1-024,MS-ESS1,conceptual,0.889,0.314,0,0
MS-ESS1-044,MS-ESS1,applied,0.889,0.157,0,0
MS-ESS1-056,MS-ESS1,applied,0.889,0.157,0,0
MS-ESS1-064,MS-ESS1,applied,0.889,0.157,0,0
MS-ESS1-070,MS-ESS1,applied,0.889,0.222,0,0
MS-ESS1-074,MS-ESS1,applied,0.889,0.157,0,0
MS-ESS1-092,MS-ESS1,recall,0.889,0.157,0,0
MS-ESS1-097,MS-ESS1,recall,0.889,0.222,0,0
MS-ESS1-005,MS-ESS1,recall,0.926,0.21,0,0
MS-ESS1-008,MS-ESS1,recall,0.926,0.139,0,0
MS-ESS1-016,MS-ESS1,recall,0.926,0.21,0,0
MS-ESS1-020,MS-ESS1,conceptual,0.926,0.139,0,0
MS-ESS1-022,MS-ESS1,conceptual,0.926,0.139,0,0
MS-ESS1-043,MS-ESS1,conceptual,0.926,0.21,0,0
MS-ESS1-062,MS-ESS1,applied,0.926,0.139,0,0
MS-ESS1-072,MS-ESS1,applied,0.926,0.139,0,0
MS-ESS1-085,MS-ESS1,recall,0.926,0.21,0,0
MS-ESS1-086,MS-ESS1,applied,0.926,0.21,0,0
MS-ESS1-087,MS-ESS1,applied,0.926,0.21,0,0
MS-ESS1-089,MS-ESS1,conceptual,0.926,0.139,0,0
MS-ESS1-091,MS-ESS1,conceptual,0.926,0.139,0,0
MS-ESS1-002,MS-ESS1,recall,0.963,0.105,1,0
MS-ESS1-017,MS-ESS1,recall,0.963,0.105,1,0
MS-ESS1-027,MS-ESS1,conceptual,0.963,0.105,1,0
MS-ESS1-029,MS-ESS1,conceptual,0.963,0.105,1,0
MS-ESS1-031,MS-ESS1,conceptual,0.963,0.105,1,0
MS-ESS1-036,MS-ESS1,conceptual,0.963,0.105,1,0
MS-ESS1-042,MS-ESS1,conceptual,0.963,0.105,1,0
MS-ESS1-046,MS-ESS1,applied,0.963,0.105,1,0
MS-ESS1-052,MS-ESS1,applied,0.963,0.105,1,0
MS-ESS1-053,MS-ESS1,applied,0.963,0.105,1,0
MS-ESS1-059,MS-ESS1,applied,0.963,0.105,1,0
MS-ESS1-066,MS-ESS1,recall,0.963,0.105,1,0
MS-ESS1-067,MS-ESS1,recall,0.963,0.105,1,0
MS-ESS1-080,MS-ESS1,recall,0.963,0.105,1,0
MS-ESS1-001,MS-ESS1,recall,1.0,0.0,1,0
MS-ESS1-003,MS-ESS1,recall,1.0,0.0,1,0
MS-ESS1-007,MS-ESS1,recall,1.0,0.0,1,0
MS-ESS1-010,MS-ESS1,recall,1.0,0.0,1,0
MS-ESS1-018,MS-ESS1,conceptual,1.0,0.0,1,0
MS-ESS1-021,MS-ESS1,conceptual,1.0,0.0,1,0
MS-ESS1-023,MS-ESS1,conceptual,1.0,0.0,1,0
MS-ESS1-026,MS-ESS1,conceptual,1.0,0.0,1,0
MS-ESS1-035,MS-ESS1,conceptual,1.0,0.0,1,0
MS-ESS1-040,MS-ESS1,conceptual,1.0,0.0,1,0
MS-ESS1-061,MS-ESS1,applied,1.0,0.0,1,0
MS-ESS1-065,MS-ESS1,recall,1.0,0.0,1,0
MS-ESS1-068,MS-ESS1,conceptual,1.0,0.0,1,0
MS-ESS1-069,MS-ESS1,conceptual,1.0,0.0,1,0
MS-ESS1-078,MS-ESS1,recall,1.0,0.0,1,0
MS-ESS1-079,MS-ESS1,recall,1.0,0.0,1,0
MS-ESS1-081,MS-ESS1,recall,1.0,0.0,1,0
MS-ESS1-083,MS-ESS1,recall,1.0,0.0,1,0
MS-ESS1-093,MS-ESS1,recall,1.0,0.0,1,0
MS-ESS1-096,MS-ESS1,recall,1.0,0.0,1,0
MS-ESS2-086,MS-ESS2,recall,0.481,0.277,0,0
MS-ESS2-066,MS-ESS2,applied,0.593,0.409,0,0
MS-ESS2-046,MS-ESS2,conceptual,0.63,0.399,0,0
MS-ESS2-084,MS-ESS2,applied,0.63,0.331,0,0
MS-ESS2-014,MS-ESS2,recall,0.667,0.385,0,0
MS-ESS2-048,MS-ESS2,applied,0.667,0.351,0,0
MS-ESS2-077,MS-ESS2,applied,0.667,0.314,0,0
MS-ESS2-090,MS-ESS2,recall,0.667,0.314,0,0
MS-ESS2-023,MS-ESS2,conceptual,0.704,0.246,0,0
MS-ESS2-076,MS-ESS2,applied,0.704,0.189,0,0
MS-ESS2-072,MS-ESS2,conceptual,0.741,0.343,0,0
MS-ESS2-005,MS-ESS2,recall,0.778,0.222,0,0
MS-ESS2-024,MS-ESS2,conceptual,0.778,0.351,0,0
MS-ESS2-003,MS-ESS2,recall,0.815,0.228,0,0
MS-ESS2-016,MS-ESS2,recall,0.815,0.228,0,0
MS-ESS2-018,MS-ESS2,conceptual,0.815,0.319,0,0
MS-ESS2-059,MS-ESS2,applied,0.815,0.319,0,0
MS-ESS2-079,MS-ESS2,conceptual,0.815,0.228,0,0
MS-ESS2-032,MS-ESS2,conceptual,0.852,0.228,0,0
MS-ESS2-044,MS-ESS2,conceptual,0.852,0.277,0,0
MS-ESS2-051,MS-ESS2,applied,0.852,0.277,0,0
MS-ESS2-052,MS-ESS2,applied,0.852,0.228,0,0
MS-ESS2-062,MS-ESS2,applied,0.852,0.228,0,0
MS-ESS2-063,MS-ESS2,applied,0.852,0.319,0,0
MS-ESS2-068,MS-ESS2,recall,0.852,0.277,0,0
MS-ESS2-069,MS-ESS2,recall,0.852,0.228,0,0
MS-ESS2-074,MS-ESS2,applied,0.852,0.228,0,0
MS-ESS2-009,MS-ESS2,recall,0.889,0.314,0,0
MS-ESS2-015,MS-ESS2,recall,0.889,0.222,0,0
MS-ESS2-029,MS-ESS2,conceptual,0.889,0.157,0,0
MS-ESS2-033,MS-ESS2,conceptual,0.889,0.222,0,0
MS-ESS2-061,MS-ESS2,applied,0.889,0.314,0,0
MS-ESS2-071,MS-ESS2,conceptual,0.889,0.157,0,0
MS-ESS2-073,MS-ESS2,applied,0.889,0.222,0,0
MS-ESS2-075,MS-ESS2,applied,0.889,0.157,0,0
MS-ESS2-094,MS-ESS2,applied,0.889,0.157,0,0
MS-ESS2-097,MS-ESS2,applied,0.889,0.222,0,0
MS-ESS2-002,MS-ESS2,recall,0.926,0.139,0,0
MS-ESS2-011,MS-ESS2,recall,0.926,0.139,0,0
MS-ESS2-019,MS-ESS2,conceptual,0.926,0.139,0,0
MS-ESS2-025,MS-ESS2,conceptual,0.926,0.139,0,0
MS-ESS2-031,MS-ESS2,conceptual,0.926,0.139,0,0
MS-ESS2-040,MS-ESS2,conceptual,0.926,0.139,0,0
MS-ESS2-041,MS-ESS2,conceptual,0.926,0.139,0,0
MS-ESS2-049,MS-ESS2,applied,0.926,0.139,0,0
MS-ESS2-056,MS-ESS2,applied,0.926,0.139,0,0
MS-ESS2-057,MS-ESS2,applied,0.926,0.139,0,0
MS-ESS2-067,MS-ESS2,recall,0.926,0.21,0,0
MS-ESS2-070,MS-ESS2,recall,0.926,0.139,0,0
MS-ESS2-081,MS-ESS2,applied,0.926,0.139,0,0
MS-ESS2-083,MS-ESS2,recall,0.926,0.21,0,0
MS-ESS2-085,MS-ESS2,recall,0.926,0.21,0,0
MS-ESS2-001,MS-ESS2,recall,0.963,0.105,1,0
MS-ESS2-008,MS-ESS2,recall,0.963,0.105,1,0
MS-ESS2-017,MS-ESS2,recall,0.963,0.105,1,0
MS-ESS2-020,MS-ESS2,conceptual,0.963,0.105,1,0
MS-ESS2-021,MS-ESS2,conceptual,0.963,0.105,1,0
MS-ESS2-026,MS-ESS2,conceptual,0.963,0.105,1,0
MS-ESS2-027,MS-ESS2,conceptual,0.963,0.105,1,0
MS-ESS2-034,MS-ESS2,conceptual,0.963,0.105,1,0
MS-ESS2-035,MS-ESS2,conceptual,0.963,0.105,1,0
MS-ESS2-036,MS-ESS2,conceptual,0.963,0.105,1,0
MS-ESS2-038,MS-ESS2,conceptual,0.963,0.105,1,0
MS-ESS2-047,MS-ESS2,applied,0.963,0.105,1,0
MS-ESS2-050,MS-ESS2,applied,0.963,0.105,1,0
MS-ESS2-060,MS-ESS2,applied,0.963,0.105,1,0
MS-ESS2-064,MS-ESS2,applied,0.963,0.105,1,0
MS-ESS2-065,MS-ESS2,applied,0.963,0.105,1,0
MS-ESS2-087,MS-ESS2,applied,0.963,0.105,1,0
MS-ESS2-088,MS-ESS2,recall,0.963,0.105,1,0
MS-ESS2-091,MS-ESS2,recall,0.963,0.105,1,0
MS-ESS2-092,MS-ESS2,recall,0.963,0.105,1,0
MS-ESS2-095,MS-ESS2,recall,0.963,0.105,1,0
MS-ESS2-096,MS-ESS2,applied,0.963,0.105,1,0
MS-ESS2-004,MS-ESS2,recall,1.0,0.0,1,0
MS-ESS2-006,MS-ESS2,recall,1.0,0.0,1,0
MS-ESS2-007,MS-ESS2,recall,1.0,0.0,1,0
MS-ESS2-010,MS-ESS2,recall,1.0,0.0,1,0
MS-ESS2-012,MS-ESS2,recall,1.0,0.0,1,0
MS-ESS2-013,MS-ESS2,recall,1.0,0.0,1,0
MS-ESS2-028,MS-ESS2,conceptual,1.0,0.0,1,0
MS-ESS2-030,MS-ESS2,conceptual,1.0,0.0,1,0
MS-ESS2-037,MS-ESS2,conceptual,1.0,0.0,1,0
MS-ESS2-039,MS-ESS2,conceptual,1.0,0.0,1,0
MS-ESS2-042,MS-ESS2,conceptual,1.0,0.0,1,0
MS-ESS2-043,MS-ESS2,conceptual,1.0,0.0,1,0
MS-ESS2-053,MS-ESS2,applied,1.0,0.0,1,0
MS-ESS2-054,MS-ESS2,applied,1.0,0.0,1,0
MS-ESS2-055,MS-ESS2,applied,1.0,0.0,1,0
MS-ESS2-058,MS-ESS2,applied,1.0,0.0,1,0
MS-ESS2-078,MS-ESS2,recall,1.0,0.0,1,0
MS-ESS2-080,MS-ESS2,applied,1.0,0.0,1,0
MS-ESS2-089,MS-ESS2,recall,1.0,0.0,1,0
MS-ESS2-093,MS-ESS2,conceptual,1.0,0.0,1,0
MS-ESS3-041,MS-ESS3,applied,0.37,0.331,0,0
MS-ESS3-046,MS-ESS3,applied,0.556,0.314,0,0
MS-ESS3-030,MS-ESS3,conceptual,0.704,0.292,0,0
MS-ESS3-061,MS-ESS3,conceptual,0.704,0.292,0,0
MS-ESS3-066,MS-ESS3,recall,0.741,0.262,0,0
MS-ESS3-010,MS-ESS3,recall,0.778,0.314,0,0
MS-ESS3-039,MS-ESS3,applied,0.815,0.166,0,0
MS-ESS3-063,MS-ESS3,applied,0.815,0.228,0,0
MS-ESS3-032,MS-ESS3,applied,0.852,0.228,0,0
MS-ESS3-035,MS-ESS3,applied,0.852,0.228,0,0
MS-ESS3-053,MS-ESS3,applied,0.852,0.228,0,0
MS-ESS3-054,MS-ESS3,recall,0.852,0.319,0,0
MS-ESS3-076,MS-ESS3,recall,0.852,0.277,0,0
MS-ESS3-005,MS-ESS3,recall,0.889,0.157,0,0
MS-ESS3-055,MS-ESS3,recall,0.889,0.222,0,0
MS-ESS3-057,MS-ESS3,recall,0.889,0.314,0,0
MS-ESS3-058,MS-ESS3,recall,0.889,0.222,0,0
MS-ESS3-059,MS-ESS3,recall,0.889,0.222,0,0
MS-ESS3-060,MS-ESS3,conceptual,0.889,0.222,0,0
MS-ESS3-065,MS-ESS3,applied,0.889,0.222,0,0
MS-ESS3-077,MS-ESS3,conceptual,0.889,0.157,0,0
MS-ESS3-009,MS-ESS3,recall,0.926,0.139,0,0
MS-ESS3-012,MS-ESS3,recall,0.926,0.139,0,0
MS-ESS3-016,MS-ESS3,conceptual,0.926,0.139,0,0
MS-ESS3-017,MS-ESS3,conceptual,0.926,0.21,0,0
MS-ESS3-050,MS-ESS3,applied,0.926,0.139,0,0
MS-ESS3-068,MS-ESS3,conceptual,0.926,0.139,0,0
MS-ESS3-069,MS-ESS3,conceptual,0.926,0.139,0,0
MS-ESS3-071,MS-ESS3,applied,0.926,0.139,0,0
MS-ESS3-079,MS-ESS3,applied,0.926,0.139,0,0
MS-ESS3-080,MS-ESS3,applied,0.926,0.21,0,0
MS-ESS3-082,MS-ESS3,conceptual,0.926,0.139,0,0
MS-ESS3-083,MS-ESS3,conceptual,0.926,0.139,0,0
MS-ESS3-084,MS-ESS3,applied,0.926,0.139,0,0
MS-ESS3-090,MS-ESS3,conceptual,0.926,0.139,0,0
MS-ESS3-011,MS-ESS3,recall,0.963,0.105,1,0
MS-ESS3-015,MS-ESS3,conceptual,0.963,0.105,1,0
MS-ESS3-019,MS-ESS3,conceptual,0.963,0.105,1,0
MS-ESS3-022,MS-ESS3,conceptual,0.963,0.105,1,0
MS-ESS3-031,MS-ESS3,conceptual,0.963,0.105,1,0
MS-ESS3-033,MS-ESS3,applied,0.963,0.105,1,0
MS-ESS3-036,MS-ESS3,applied,0.963,0.105,1,0
MS-ESS3-044,MS-ESS3,applied,0.963,0.105,1,0
MS-ESS3-048,MS-ESS3,applied,0.963,0.105,1,0
MS-ESS3-056,MS-ESS3,recall,0.963,0.105,1,0
MS-ESS3-062,MS-ESS3,conceptual,0.963,0.105,1,0
MS-ESS3-064,MS-ESS3,applied,0.963,0.105,1,0
MS-ESS3-070,MS-ESS3,conceptual,0.963,0.105,1,0
MS-ESS3-073,MS-ESS3,applied,0.963,0.105,1,0
MS-ESS3-078,MS-ESS3,conceptual,0.963,0.105,1,0
MS-ESS3-081,MS-ESS3,recall,0.963,0.105,1,0
MS-ESS3-086,MS-ESS3,conceptual,0.963,0.105,1,0
MS-ESS3-088,MS-ESS3,recall,0.963,0.105,1,0
MS-ESS3-092,MS-ESS3,conceptual,0.963,0.105,1,0
MS-ESS3-001,MS-ESS3,recall,1.0,0.0,1,0
MS-ESS3-002,MS-ESS3,recall,1.0,0.0,1,0
MS-ESS3-003,MS-ESS3,recall,1.0,0.0,1,0
MS-ESS3-004,MS-ESS3,recall,1.0,0.0,1,0
MS-ESS3-006,MS-ESS3,recall,1.0,0.0,1,0
MS-ESS3-007,MS-ESS3,recall,1.0,0.0,1,0
MS-ESS3-008,MS-ESS3,recall,1.0,0.0,1,0
MS-ESS3-013,MS-ESS3,conceptual,1.0,0.0,1,0
MS-ESS3-014,MS-ESS3,conceptual,1.0,0.0,1,0
MS-ESS3-018,MS-ESS3,conceptual,1.0,0.0,1,0
MS-ESS3-020,MS-ESS3,conceptual,1.0,0.0,1,0
MS-ESS3-021,MS-ESS3,conceptual,1.0,0.0,1,0
MS-ESS3-023,MS-ESS3,conceptual,1.0,0.0,1,0
MS-ESS3-024,MS-ESS3,conceptual,1.0,0.0,1,0
MS-ESS3-025,MS-ESS3,conceptual,1.0,0.0,1,0
MS-ESS3-026,MS-ESS3,conceptual,1.0,0.0,1,0
MS-ESS3-027,MS-ESS3,conceptual,1.0,0.0,1,0
MS-ESS3-028,MS-ESS3,conceptual,1.0,0.0,1,0
MS-ESS3-029,MS-ESS3,conceptual,1.0,0.0,1,0
MS-ESS3-034,MS-ESS3,applied,1.0,0.0,1,0
MS-ESS3-037,MS-ESS3,applied,1.0,0.0,1,0
MS-ESS3-038,MS-ESS3,applied,1.0,0.0,1,0
MS-ESS3-040,MS-ESS3,applied,1.0,0.0,1,0
MS-ESS3-042,MS-ESS3,applied,1.0,0.0,1,0
MS-ESS3-045,MS-ESS3,applied,1.0,0.0,1,0
MS-ESS3-047,MS-ESS3,applied,1.0,0.0,1,0
MS-ESS3-049,MS-ESS3,applied,1.0,0.0,1,0
MS-ESS3-051,MS-ESS3,applied,1.0,0.0,1,0
MS-ESS3-052,MS-ESS3,applied,1.0,0.0,1,0
MS-ESS3-067,MS-ESS3,recall,1.0,0.0,1,0
MS-ESS3-072,MS-ESS3,applied,1.0,0.0,1,0
MS-ESS3-074,MS-ESS3,applied,1.0,0.0,1,0
MS-ESS3-075,MS-ESS3,applied,1.0,0.0,1,0
MS-ESS3-085,MS-ESS3,recall,1.0,0.0,1,0
MS-ESS3-087,MS-ESS3,recall,1.0,0.0,1,0
MS-ESS3-089,MS-ESS3,recall,1.0,0.0,1,0
MS-ESS3-091,MS-ESS3,conceptual,1.0,0.0,1,0
MS-ETS1-079,MS-ETS1,conceptual,0.704,0.246,0,0
MS-ETS1-052,MS-ETS1,applied,0.741,0.262,0,0
MS-ETS1-051,MS-ETS1,applied,0.815,0.228,0,0
MS-ETS1-069,MS-ETS1,applied,0.852,0.277,0,0
MS-ETS1-070,MS-ETS1,applied,0.852,0.319,0,0
MS-ETS1-042,MS-ETS1,applied,0.889,0.314,0,0
MS-ETS1-057,MS-ETS1,applied,0.889,0.157,0,0
MS-ETS1-062,MS-ETS1,conceptual,0.889,0.222,0,0
MS-ETS1-065,MS-ETS1,conceptual,0.889,0.314,0,0
MS-ETS1-067,MS-ETS1,applied,0.889,0.222,0,0
MS-ETS1-068,MS-ETS1,applied,0.889,0.314,0,0
MS-ETS1-002,MS-ETS1,recall,0.926,0.139,0,0
MS-ETS1-028,MS-ETS1,conceptual,0.926,0.21,0,0
MS-ETS1-031,MS-ETS1,applied,0.926,0.139,0,0
MS-ETS1-035,MS-ETS1,applied,0.926,0.139,0,0
MS-ETS1-053,MS-ETS1,applied,0.926,0.139,0,0
MS-ETS1-058,MS-ETS1,recall,0.926,0.21,0,0
MS-ETS1-063,MS-ETS1,conceptual,0.926,0.21,0,0
MS-ETS1-088,MS-ETS1,conceptual,0.926,0.21,0,0
MS-ETS1-030,MS-ETS1,applied,0.963,0.105,1,0
MS-ETS1-036,MS-ETS1,applied,0.963,0.105,1,0
MS-ETS1-037,MS-ETS1,applied,0.963,0.105,1,0
MS-ETS1-039,MS-ETS1,applied,0.963,0.105,1,0
MS-ETS1-048,MS-ETS1,applied,0.963,0.105,1,0
MS-ETS1-059,MS-ETS1,conceptual,0.963,0.105,1,0
MS-ETS1-060,MS-ETS1,conceptual,0.963,0.105,1,0
MS-ETS1-061,MS-ETS1,conceptual,0.963,0.105,1,0
MS-ETS1-066,MS-ETS1,conceptual,0.963,0.105,1,0
MS-ETS1-074,MS-ETS1,recall,0.963,0.105,1,0
MS-ETS1-001,MS-ETS1,recall,1.0,0.0,1,0
MS-ETS1-003,MS-ETS1,recall,1.0,0.0,1,0
MS-ETS1-004,MS-ETS1,recall,1.0,0.0,1,0
MS-ETS1-005,MS-ETS1,recall,1.0,0.0,1,0
MS-ETS1-006,MS-ETS1,recall,1.0,0.0,1,0
MS-ETS1-007,MS-ETS1,recall,1.0,0.0,1,0
MS-ETS1-008,MS-ETS1,recall,1.0,0.0,1,0
MS-ETS1-009,MS-ETS1,recall,1.0,0.0,1,0
MS-ETS1-010,MS-ETS1,recall,1.0,0.0,1,0
MS-ETS1-011,MS-ETS1,recall,1.0,0.0,1,0
MS-ETS1-012,MS-ETS1,recall,1.0,0.0,1,0
MS-ETS1-013,MS-ETS1,recall,1.0,0.0,1,0
MS-ETS1-014,MS-ETS1,recall,1.0,0.0,1,0
MS-ETS1-015,MS-ETS1,recall,1.0,0.0,1,0
MS-ETS1-016,MS-ETS1,recall,1.0,0.0,1,0
MS-ETS1-017,MS-ETS1,recall,1.0,0.0,1,0
MS-ETS1-018,MS-ETS1,recall,1.0,0.0,1,0
MS-ETS1-019,MS-ETS1,recall,1.0,0.0,1,0
MS-ETS1-020,MS-ETS1,recall,1.0,0.0,1,0
MS-ETS1-021,MS-ETS1,recall,1.0,0.0,1,0
MS-ETS1-022,MS-ETS1,conceptual,1.0,0.0,1,0
MS-ETS1-023,MS-ETS1,conceptual,1.0,0.0,1,0
MS-ETS1-024,MS-ETS1,conceptual,1.0,0.0,1,0
MS-ETS1-025,MS-ETS1,conceptual,1.0,0.0,1,0
MS-ETS1-026,MS-ETS1,conceptual,1.0,0.0,1,0
MS-ETS1-027,MS-ETS1,conceptual,1.0,0.0,1,0
MS-ETS1-029,MS-ETS1,applied,1.0,0.0,1,0
MS-ETS1-032,MS-ETS1,applied,1.0,0.0,1,0
MS-ETS1-033,MS-ETS1,applied,1.0,0.0,1,0
MS-ETS1-034,MS-ETS1,applied,1.0,0.0,1,0
MS-ETS1-038,MS-ETS1,applied,1.0,0.0,1,0
MS-ETS1-040,MS-ETS1,applied,1.0,0.0,1,0
MS-ETS1-041,MS-ETS1,applied,1.0,0.0,1,0
MS-ETS1-043,MS-ETS1,applied,1.0,0.0,1,0
MS-ETS1-044,MS-ETS1,applied,1.0,0.0,1,0
MS-ETS1-045,MS-ETS1,applied,1.0,0.0,1,0
MS-ETS1-049,MS-ETS1,applied,1.0,0.0,1,0
MS-ETS1-050,MS-ETS1,applied,1.0,0.0,1,0
MS-ETS1-054,MS-ETS1,applied,1.0,0.0,1,0
MS-ETS1-055,MS-ETS1,applied,1.0,0.0,1,0
MS-ETS1-056,MS-ETS1,applied,1.0,0.0,1,0
MS-ETS1-064,MS-ETS1,conceptual,1.0,0.0,1,0
MS-ETS1-071,MS-ETS1,recall,1.0,0.0,1,0
MS-ETS1-072,MS-ETS1,conceptual,1.0,0.0,1,0
MS-ETS1-073,MS-ETS1,conceptual,1.0,0.0,1,0
MS-ETS1-076,MS-ETS1,recall,1.0,0.0,1,0
MS-ETS1-077,MS-ETS1,conceptual,1.0,0.0,1,0
MS-ETS1-078,MS-ETS1,conceptual,1.0,0.0,1,0
MS-ETS1-080,MS-ETS1,conceptual,1.0,0.0,1,0
MS-ETS1-081,MS-ETS1,conceptual,1.0,0.0,1,0
MS-ETS1-082,MS-ETS1,conceptual,1.0,0.0,1,0
MS-ETS1-083,MS-ETS1,conceptual,1.0,0.0,1,0
MS-ETS1-084,MS-ETS1,conceptual,1.0,0.0,1,0
MS-ETS1-085,MS-ETS1,conceptual,1.0,0.0,1,0
MS-ETS1-086,MS-ETS1,conceptual,1.0,0.0,1,0
MS-ETS1-087,MS-ETS1,conceptual,1.0,0.0,1,0
MS-ETS1-089,MS-ETS1,conceptual,1.0,0.0,1,0
MS-ETS1-090,MS-ETS1,conceptual,1.0,0.0,1,0
MS-ETS1-091,MS-ETS1,conceptual,1.0,0.0,1,0
MS-LS1-008,MS-LS1,recall,0.111,0.222,0,0
MS-LS1-076,MS-LS1,recall,0.407,0.305,0,0
MS-LS1-055,MS-LS1,applied,0.63,0.367,0,0
MS-LS1-079,MS-LS1,applied,0.667,0.416,0,0
MS-LS1-012,MS-LS1,conceptual,0.741,0.305,0,0
MS-LS1-067,MS-LS1,applied,0.741,0.343,0,0
MS-LS1-078,MS-LS1,conceptual,0.778,0.222,0,0
MS-LS1-001,MS-LS1,recall,0.815,0.355,0,0
MS-LS1-003,MS-LS1,recall,0.852,0.166,0,0
MS-LS1-028,MS-LS1,conceptual,0.852,0.319,0,0
MS-LS1-032,MS-LS1,applied,0.852,0.166,0,0
MS-LS1-039,MS-LS1,applied,0.852,0.228,0,0
MS-LS1-054,MS-LS1,applied,0.852,0.277,0,0
MS-LS1-082,MS-LS1,recall,0.852,0.228,0,0
MS-LS1-086,MS-LS1,conceptual,0.852,0.228,0,0
MS-LS1-093,MS-LS1,recall,0.852,0.166,0,0
MS-LS1-004,MS-LS1,recall,0.889,0.157,0,0
MS-LS1-017,MS-LS1,conceptual,0.889,0.222,0,0
MS-LS1-023,MS-LS1,conceptual,0.889,0.157,0,0
MS-LS1-027,MS-LS1,conceptual,0.889,0.222,0,0
MS-LS1-072,MS-LS1,applied,0.889,0.157,0,0
MS-LS1-006,MS-LS1,recall,0.926,0.139,0,0
MS-LS1-007,MS-LS1,recall,0.926,0.21,0,0
MS-LS1-009,MS-LS1,recall,0.926,0.139,0,0
MS-LS1-013,MS-LS1,conceptual,0.926,0.139,0,0
MS-LS1-016,MS-LS1,conceptual,0.926,0.21,0,0
MS-LS1-019,MS-LS1,conceptual,0.926,0.21,0,0
MS-LS1-020,MS-LS1,conceptual,0.926,0.139,0,0
MS-LS1-026,MS-LS1,conceptual,0.926,0.139,0,0
MS-LS1-029,MS-LS1,conceptual,0.926,0.139,0,0
MS-LS1-031,MS-LS1,conceptual,0.926,0.139,0,0
MS-LS1-046,MS-LS1,applied,0.926,0.139,0,0
MS-LS1-056,MS-LS1,applied,0.926,0.139,0,0
MS-LS1-064,MS-LS1,conceptual,0.926,0.21,0,0
MS-LS1-069,MS-LS1,applied,0.926,0.139,0,0
MS-LS1-074,MS-LS1,recall,0.926,0.139,0,0
MS-LS1-090,MS-LS1,recall,0.926,0.139,0,0
MS-LS1-095,MS-LS1,conceptual,0.926,0.139,0,0
MS-LS1-002,MS-LS1,recall,0.963,0.105,1,0
MS-LS1-014,MS-LS1,conceptual,0.963,0.105,1,0
MS-LS1-021,MS-LS1,conceptual,0.963,0.105,1,0
MS-LS1-024,MS-LS1,conceptual,0.963,0.105,1,0
MS-LS1-030,MS-LS1,conceptual,0.963,0.105,1,0
MS-LS1-052,MS-LS1,applied,0.963,0.105,1,0
MS-LS1-053,MS-LS1,applied,0.963,0.105,1,0
MS-LS1-061,MS-LS1,conceptual,0.963,0.105,1,0
MS-LS1-062,MS-LS1,conceptual,0.963,0.105,1,0
MS-LS1-063,MS-LS1,conceptual,0.963,0.105,1,0
MS-LS1-066,MS-LS1,conceptual,0.963,0.105,1,0
MS-LS1-073,MS-LS1,recall,0.963,0.105,1,0
MS-LS1-075,MS-LS1,recall,0.963,0.105,1,0
MS-LS1-083,MS-LS1,recall,0.963,0.105,1,0
MS-LS1-084,MS-LS1,recall,0.963,0.105,1,0
MS-LS1-085,MS-LS1,recall,0.963,0.105,1,0
MS-LS1-091,MS-LS1,recall,0.963,0.105,1,0
MS-LS1-094,MS-LS1,recall,0.963,0.105,1,0
MS-LS1-097,MS-LS1,recall,0.963,0.105,1,0
MS-LS1-005,MS-LS1,recall,1.0,0.0,1,0
MS-LS1-010,MS-LS1,recall,1.0,0.0,1,0
MS-LS1-011,MS-LS1,recall,1.0,0.0,1,0
MS-LS1-015,MS-LS1,conceptual,1.0,0.0,1,0
MS-LS1-018,MS-LS1,conceptual,1.0,0.0,1,0
MS-LS1-022,MS-LS1,conceptual,1.0,0.0,1,0
MS-LS1-025,MS-LS1,conceptual,1.0,0.0,1,0
MS-LS1-033,MS-LS1,applied,1.0,0.0,1,0
MS-LS1-034,MS-LS1,applied,1.0,0.0,1,0
MS-LS1-035,MS-LS1,applied,1.0,0.0,1,0
MS-LS1-036,MS-LS1,applied,1.0,0.0,1,0
MS-LS1-037,MS-LS1,applied,1.0,0.0,1,0
MS-LS1-038,MS-LS1,applied,1.0,0.0,1,0
MS-LS1-040,MS-LS1,applied,1.0,0.0,1,0
MS-LS1-041,MS-LS1,applied,1.0,0.0,1,0
MS-LS1-042,MS-LS1,applied,1.0,0.0,1,0
MS-LS1-043,MS-LS1,applied,1.0,0.0,1,0
MS-LS1-044,MS-LS1,applied,1.0,0.0,1,0
MS-LS1-045,MS-LS1,applied,1.0,0.0,1,0
MS-LS1-048,MS-LS1,applied,1.0,0.0,1,0
MS-LS1-049,MS-LS1,applied,1.0,0.0,1,0
MS-LS1-051,MS-LS1,applied,1.0,0.0,1,0
MS-LS1-057,MS-LS1,recall,1.0,0.0,1,0
MS-LS1-058,MS-LS1,recall,1.0,0.0,1,0
MS-LS1-059,MS-LS1,recall,1.0,0.0,1,0
MS-LS1-060,MS-LS1,conceptual,1.0,0.0,1,0
MS-LS1-065,MS-LS1,conceptual,1.0,0.0,1,0
MS-LS1-068,MS-LS1,applied,1.0,0.0,1,0
MS-LS1-071,MS-LS1,applied,1.0,0.0,1,0
MS-LS1-088,MS-LS1,conceptual,1.0,0.0,1,0
MS-LS1-092,MS-LS1,recall,1.0,0.0,1,0
MS-LS1-096,MS-LS1,recall,1.0,0.0,1,0
MS-LS2-002,MS-LS2,recall,0.037,0.105,0,1
MS-LS2-016,MS-LS2,conceptual,0.481,0.319,0,0
MS-LS2-022,MS-LS2,conceptual,0.667,0.351,0,0
MS-LS2-038,MS-LS2,applied,0.667,0.416,0,0
MS-LS2-076,MS-LS2,conceptual,0.778,0.272,0,0
MS-LS2-082,MS-LS2,recall,0.778,0.157,0,0
MS-LS2-081,MS-LS2,recall,0.815,0.228,0,0
MS-LS2-094,MS-LS2,recall,0.815,0.319,0,0
MS-LS2-015,MS-LS2,conceptual,0.852,0.228,0,0
MS-LS2-018,MS-LS2,conceptual,0.852,0.166,0,0
MS-LS2-084,MS-LS2,recall,0.852,0.228,0,0
MS-LS2-009,MS-LS2,recall,0.889,0.222,0,0
MS-LS2-026,MS-LS2,conceptual,0.889,0.314,0,0
MS-LS2-044,MS-LS2,applied,0.889,0.222,0,0
MS-LS2-059,MS-LS2,conceptual,0.889,0.222,0,0
MS-LS2-004,MS-LS2,recall,0.926,0.139,0,0
MS-LS2-014,MS-LS2,conceptual,0.926,0.139,0,0
MS-LS2-023,MS-LS2,conceptual,0.926,0.21,0,0
MS-LS2-027,MS-LS2,conceptual,0.926,0.139,0,0
MS-LS2-040,MS-LS2,applied,0.926,0.139,0,0
MS-LS2-042,MS-LS2,applied,0.926,0.21,0,0
MS-LS2-060,MS-LS2,conceptual,0.926,0.139,0,0
MS-LS2-063,MS-LS2,conceptual,0.926,0.139,0,0
MS-LS2-064,MS-LS2,conceptual,0.926,0.21,0,0
MS-LS2-065,MS-LS2,conceptual,0.926,0.21,0,0
MS-LS2-068,MS-LS2,applied,0.926,0.139,0,0
MS-LS2-080,MS-LS2,recall,0.926,0.139,0,0
MS-LS2-085,MS-LS2,recall,0.926,0.139,0,0
MS-LS2-097,MS-LS2,recall,0.926,0.139,0,0
MS-LS2-008,MS-LS2,recall,0.963,0.105,1,0
MS-LS2-019,MS-LS2,conceptual,0.963,0.105,1,0
MS-LS2-021,MS-LS2,conceptual,0.963,0.105,1,0
MS-LS2-030,MS-LS2,conceptual,0.963,0.105,1,0
MS-LS2-045,MS-LS2,applied,0.963,0.105,1,0
MS-LS2-047,MS-LS2,applied,0.963,0.105,1,0
MS-LS2-048,MS-LS2,applied,0.963,0.105,1,0
MS-LS2-069,MS-LS2,applied,0.963,0.105,1,0
MS-LS2-071,MS-LS2,recall,0.963,0.105,1,0
MS-LS2-073,MS-LS2,recall,0.963,0.105,1,0
MS-LS2-083,MS-LS2,conceptual,0.963,0.105,1,0
MS-LS2-086,MS-LS2,recall,0.963,0.105,1,0
MS-LS2-087,MS-LS2,recall,0.963,0.105,1,0
MS-LS2-089,MS-LS2,conceptual,0.963,0.105,1,0
MS-LS2-093,MS-LS2,recall,0.963,0.105,1,0
MS-LS2-096,MS-LS2,recall,0.963,0.105,1,0
MS-LS2-001,MS-LS2,recall,1.0,0.0,1,0
MS-LS2-003,MS-LS2,recall,1.0,0.0,1,0
MS-LS2-005,MS-LS2,recall,1.0,0.0,1,0
MS-LS2-006,MS-LS2,recall,1.0,0.0,1,0
MS-LS2-007,MS-LS2,recall,1.0,0.0,1,0
MS-LS2-010,MS-LS2,recall,1.0,0.0,1,0
MS-LS2-011,MS-LS2,recall,1.0,0.0,1,0
MS-LS2-012,MS-LS2,conceptual,1.0,0.0,1,0
MS-LS2-013,MS-LS2,conceptual,1.0,0.0,1,0
MS-LS2-017,MS-LS2,conceptual,1.0,0.0,1,0
MS-LS2-020,MS-LS2,conceptual,1.0,0.0,1,0
MS-LS2-024,MS-LS2,conceptual,1.0,0.0,1,0
MS-LS2-028,MS-LS2,conceptual,1.0,0.0,1,0
MS-LS2-029,MS-LS2,conceptual,1.0,0.0,1,0
MS-LS2-031,MS-LS2,applied,1.0,0.0,1,0
MS-LS2-032,MS-LS2,applied,1.0,0.0,1,0
MS-LS2-033,MS-LS2,applied,1.0,0.0,1,0
MS-LS2-034,MS-LS2,applied,1.0,0.0,1,0
MS-LS2-035,MS-LS2,applied,1.0,0.0,1,0
MS-LS2-036,MS-LS2,applied,1.0,0.0,1,0
MS-LS2-037,MS-LS2,applied,1.0,0.0,1,0
MS-LS2-039,MS-LS2,applied,1.0,0.0,1,0
MS-LS2-041,MS-LS2,applied,1.0,0.0,1,0
MS-LS2-043,MS-LS2,applied,1.0,0.0,1,0
MS-LS2-046,MS-LS2,applied,1.0,0.0,1,0
MS-LS2-049,MS-LS2,applied,1.0,0.0,1,0
MS-LS2-050,MS-LS2,applied,1.0,0.0,1,0
MS-LS2-051,MS-LS2,applied,1.0,0.0,1,0
MS-LS2-052,MS-LS2,applied,1.0,0.0,1,0
MS-LS2-053,MS-LS2,applied,1.0,0.0,1,0
MS-LS2-054,MS-LS2,applied,1.0,0.0,1,0
MS-LS2-055,MS-LS2,applied,1.0,0.0,1,0
MS-LS2-056,MS-LS2,applied,1.0,0.0,1,0
MS-LS2-057,MS-LS2,recall,1.0,0.0,1,0
MS-LS2-058,MS-LS2,recall,1.0,0.0,1,0
MS-LS2-061,MS-LS2,conceptual,1.0,0.0,1,0
MS-LS2-062,MS-LS2,conceptual,1.0,0.0,1,0
MS-LS2-066,MS-LS2,applied,1.0,0.0,1,0
MS-LS2-067,MS-LS2,applied,1.0,0.0,1,0
MS-LS2-070,MS-LS2,applied,1.0,0.0,1,0
MS-LS2-072,MS-LS2,recall,1.0,0.0,1,0
MS-LS2-074,MS-LS2,conceptual,1.0,0.0,1,0
MS-LS2-075,MS-LS2,conceptual,1.0,0.0,1,0
MS-LS2-077,MS-LS2,applied,1.0,0.0,1,0
MS-LS2-078,MS-LS2,applied,1.0,0.0,1,0
MS-LS2-079,MS-LS2,recall,1.0,0.0,1,0
MS-LS2-088,MS-LS2,recall,1.0,0.0,1,0
MS-LS2-090,MS-LS2,conceptual,1.0,0.0,1,0
MS-LS2-091,MS-LS2,conceptual,1.0,0.0,1,0
MS-LS2-092,MS-LS2,recall,1.0,0.0,1,0
MS-LS2-095,MS-LS2,recall,1.0,0.0,1,0
MS-LS3-013,MS-LS3,recall,0.704,0.399,0,0
MS-LS3-055,MS-LS3,applied,0.704,0.331,0,0
MS-LS3-038,MS-LS3,applied,0.741,0.409,0,0
MS-LS3-062,MS-LS3,applied,0.741,0.21,0,0
MS-LS3-050,MS-LS3,conceptual,0.778,0.351,0,0
MS-LS3-072,MS-LS3,conceptual,0.778,0.272,0,0
MS-LS3-003,MS-LS3,recall,0.815,0.277,0,0
MS-LS3-014,MS-LS3,recall,0.815,0.319,0,0
MS-LS3-020,MS-LS3,conceptual,0.815,0.228,0,0
MS-LS3-061,MS-LS3,applied,0.815,0.228,0,0
MS-LS3-073,MS-LS3,conceptual,0.815,0.319,0,0
MS-LS3-011,MS-LS3,recall,0.852,0.228,0,0
MS-LS3-029,MS-LS3,applied,0.852,0.166,0,0
MS-LS3-083,MS-LS3,conceptual,0.852,0.319,0,0
MS-LS3-090,MS-LS3,conceptual,0.852,0.277,0,0
MS-LS3-024,MS-LS3,applied,0.889,0.157,0,0
MS-LS3-039,MS-LS3,applied,0.889,0.222,0,0
MS-LS3-043,MS-LS3,recall,0.889,0.314,0,0
MS-LS3-067,MS-LS3,conceptual,0.889,0.222,0,0
MS-LS3-082,MS-LS3,recall,0.889,0.314,0,0
MS-LS3-017,MS-LS3,conceptual,0.926,0.139,0,0
MS-LS3-018,MS-LS3,conceptual,0.926,0.21,0,0
MS-LS3-031,MS-LS3,applied,0.926,0.21,0,0
MS-LS3-044,MS-LS3,recall,0.926,0.139,0,0
MS-LS3-054,MS-LS3,applied,0.926,0.139,0,0
MS-LS3-056,MS-LS3,applied,0.926,0.21,0,0
MS-LS3-058,MS-LS3,applied,0.926,0.139,0,0
MS-LS3-060,MS-LS3,applied,0.926,0.139,0,0
MS-LS3-068,MS-LS3,applied,0.926,0.21,0,0
MS-LS3-078,MS-LS3,recall,0.926,0.139,0,0
MS-LS3-080,MS-LS3,conceptual,0.926,0.139,0,0
MS-LS3-084,MS-LS3,conceptual,0.926,0.139,0,0
MS-LS3-088,MS-LS3,conceptual,0.926,0.21,0,0
MS-LS3-005,MS-LS3,recall,0.963,0.105,1,0
MS-LS3-007,MS-LS3,recall,0.963,0.105,1,0
MS-LS3-012,MS-LS3,recall,0.963,0.105,1,0
MS-LS3-026,MS-LS3,applied,0.963,0.105,1,0
MS-LS3-035,MS-LS3,applied,0.963,0.105,1,0
MS-LS3-041,MS-LS3,applied,0.963,0.105,1,0
MS-LS3-047,MS-LS3,conceptual,0.963,0.105,1,0
MS-LS3-052,MS-LS3,conceptual,0.963,0.105,1,0
MS-LS3-071,MS-LS3,conceptual,0.963,0.105,1,0
MS-LS3-074,MS-LS3,applied,0.963,0.105,1,0
MS-LS3-075,MS-LS3,recall,0.963,0.105,1,0
MS-LS3-076,MS-LS3,recall,0.963,0.105,1,0
MS-LS3-077,MS-LS3,recall,0.963,0.105,1,0
MS-LS3-081,MS-LS3,recall,0.963,0.105,1,0
MS-LS3-085,MS-LS3,recall,0.963,0.105,1,0
MS-LS3-001,MS-LS3,recall,1.0,0.0,1,0
MS-LS3-002,MS-LS3,recall,1.0,0.0,1,0
MS-LS3-004,MS-LS3,recall,1.0,0.0,1,0
MS-LS3-006,MS-LS3,recall,1.0,0.0,1,0
MS-LS3-008,MS-LS3,recall,1.0,0.0,1,0
MS-LS3-009,MS-LS3,recall,1.0,0.0,1,0
MS-LS3-015,MS-LS3,conceptual,1.0,0.0,1,0
MS-LS3-016,MS-LS3,conceptual,1.0,0.0,1,0
MS-LS3-019,MS-LS3,conceptual,1.0,0.0,1,0
MS-LS3-021,MS-LS3,conceptual,1.0,0.0,1,0
MS-LS3-023,MS-LS3,applied,1.0,0.0,1,0
MS-LS3-025,MS-LS3,applied,1.0,0.0,1,0
MS-LS3-027,MS-LS3,applied,1.0,0.0,1,0
MS-LS3-028,MS-LS3,applied,1.0,0.0,1,0
MS-LS3-032,MS-LS3,applied,1.0,0.0,1,0
MS-LS3-033,MS-LS3,applied,1.0,0.0,1,0
MS-LS3-036,MS-LS3,applied,1.0,0.0,1,0
MS-LS3-037,MS-LS3,applied,1.0,0.0,1,0
MS-LS3-040,MS-LS3,applied,1.0,0.0,1,0
MS-LS3-042,MS-LS3,recall,1.0,0.0,1,0
MS-LS3-045,MS-LS3,conceptual,1.0,0.0,1,0
MS-LS3-046,MS-LS3,conceptual,1.0,0.0,1,0
MS-LS3-048,MS-LS3,conceptual,1.0,0.0,1,0
MS-LS3-049,MS-LS3,conceptual,1.0,0.0,1,0
MS-LS3-051,MS-LS3,conceptual,1.0,0.0,1,0
MS-LS3-053,MS-LS3,applied,1.0,0.0,1,0
MS-LS3-057,MS-LS3,applied,1.0,0.0,1,0
MS-LS3-059,MS-LS3,applied,1.0,0.0,1,0
MS-LS3-063,MS-LS3,applied,1.0,0.0,1,0
MS-LS3-064,MS-LS3,recall,1.0,0.0,1,0
MS-LS3-065,MS-LS3,recall,1.0,0.0,1,0
MS-LS3-066,MS-LS3,conceptual,1.0,0.0,1,0
MS-LS3-069,MS-LS3,conceptual,1.0,0.0,1,0
MS-LS3-070,MS-LS3,conceptual,1.0,0.0,1,0
MS-LS3-079,MS-LS3,conceptual,1.0,0.0,1,0
MS-LS3-087,MS-LS3,recall,1.0,0.0,1,0
MS-LS3-089,MS-LS3,conceptual,1.0,0.0,1,0
MS-LS4-085,MS-LS4,recall,0.556,0.416,0,0
MS-LS4-008,MS-LS4,recall,0.667,0.272,0,0
MS-LS4-009,MS-LS4,recall,0.704,0.367,0,0
MS-LS4-004,MS-LS4,recall,0.741,0.343,0,0
MS-LS4-005,MS-LS4,recall,0.741,0.343,0,0
MS-LS4-051,MS-LS4,conceptual,0.741,0.343,0,0
MS-LS4-055,MS-LS4,recall,0.741,0.343,0,0
MS-LS4-075,MS-LS4,conceptual,0.741,0.305,0,0
MS-LS4-081,MS-LS4,recall,0.741,0.343,0,0
MS-LS4-082,MS-LS4,conceptual,0.741,0.262,0,0
MS-LS4-071,MS-LS4,recall,0.778,0.272,0,0
MS-LS4-084,MS-LS4,recall,0.778,0.222,0,0
MS-LS4-011,MS-LS4,recall,0.815,0.166,0,0
MS-LS4-026,MS-LS4,applied,0.815,0.228,0,0
MS-LS4-062,MS-LS4,conceptual,0.815,0.277,0,0
MS-LS4-022,MS-LS4,conceptual,0.852,0.277,0,0
MS-LS4-029,MS-LS4,applied,0.852,0.228,0,0
MS-LS4-035,MS-LS4,applied,0.852,0.228,0,0
MS-LS4-049,MS-LS4,conceptual,0.852,0.228,0,0
MS-LS4-070,MS-LS4,applied,0.852,0.319,0,0
MS-LS4-003,MS-LS4,recall,0.889,0.157,0,0
MS-LS4-018,MS-LS4,conceptual,0.889,0.157,0,0
MS-LS4-038,MS-LS4,conceptual,0.889,0.222,0,0
MS-LS4-040,MS-LS4,applied,0.889,0.222,0,0
MS-LS4-053,MS-LS4,applied,0.889,0.222,0,0
MS-LS4-054,MS-LS4,applied,0.889,0.157,0,0
MS-LS4-078,MS-LS4,conceptual,0.889,0.222,0,0
MS-LS4-087,MS-LS4,conceptual,0.889,0.222,0,0
MS-LS4-088,MS-LS4,conceptual,0.889,0.222,0,0
MS-LS4-093,MS-LS4,conceptual,0.889,0.157,0,0
MS-LS4-020,MS-LS4,conceptual,0.926,0.21,0,0
MS-LS4-021,MS-LS4,conceptual,0.926,0.139,0,0
MS-LS4-025,MS-LS4,applied,0.926,0.139,0,0
MS-LS4-027,MS-LS4,applied,0.926,0.139,0,0
MS-LS4-028,MS-LS4,applied,0.926,0.139,0,0
MS-LS4-031,MS-LS4,applied,0.926,0.139,0,0
MS-LS4-032,MS-LS4,applied,0.926,0.21,0,0
MS-LS4-037,MS-LS4,applied,0.926,0.139,0,0
MS-LS4-050,MS-LS4,conceptual,0.926,0.21,0,0
MS-LS4-060,MS-LS4,conceptual,0.926,0.21,0,0
MS-LS4-063,MS-LS4,conceptual,0.926,0.139,0,0
MS-LS4-065,MS-LS4,conceptual,0.926,0.139,0,0
MS-LS4-066,MS-LS4,applied,0.926,0.139,0,0
MS-LS4-068,MS-LS4,applied,0.926,0.139,0,0
MS-LS4-089,MS-LS4,conceptual,0.926,0.139,0,0
MS-LS4-001,MS-LS4,recall,0.963,0.105,1,0
MS-LS4-006,MS-LS4,recall,0.963,0.105,1,0
MS-LS4-007,MS-LS4,recall,0.963,0.105,1,0
MS-LS4-012,MS-LS4,recall,0.963,0.105,1,0
MS-LS4-016,MS-LS4,recall,0.963,0.105,1,0
MS-LS4-017,MS-LS4,conceptual,0.963,0.105,1,0
MS-LS4-019,MS-LS4,conceptual,0.963,0.105,1,0
MS-LS4-030,MS-LS4,applied,0.963,0.105,1,0
MS-LS4-039,MS-LS4,applied,0.963,0.105,1,0
MS-LS4-042,MS-LS4,applied,0.963,0.105,1,0
MS-LS4-046,MS-LS4,recall,0.963,0.105,1,0
MS-LS4-048,MS-LS4,conceptual,0.963,0.105,1,0
MS-LS4-059,MS-LS4,conceptual,0.963,0.105,1,0
MS-LS4-064,MS-LS4,conceptual,0.963,0.105,1,0
MS-LS4-069,MS-LS4,applied,0.963,0.105,1,0
MS-LS4-072,MS-LS4,recall,0.963,0.105,1,0
MS-LS4-079,MS-LS4,conceptual,0.963,0.105,1,0
MS-LS4-080,MS-LS4,conceptual,0.963,0.105,1,0
MS-LS4-002,MS-LS4,recall,1.0,0.0,1,0
MS-LS4-010,MS-LS4,recall,1.0,0.0,1,0
MS-LS4-013,MS-LS4,recall,1.0,0.0,1,0
MS-LS4-014,MS-LS4,recall,1.0,0.0,1,0
MS-LS4-015,MS-LS4,recall,1.0,0.0,1,0
MS-LS4-023,MS-LS4,applied,1.0,0.0,1,0
MS-LS4-033,MS-LS4,applied,1.0,0.0,1,0
MS-LS4-034,MS-LS4,applied,1.0,0.0,1,0
MS-LS4-036,MS-LS4,applied,1.0,0.0,1,0
MS-LS4-041,MS-LS4,applied,1.0,0.0,1,0
MS-LS4-047,MS-LS4,conceptual,1.0,0.0,1,0
MS-LS4-052,MS-LS4,applied,1.0,0.0,1,0
MS-LS4-056,MS-LS4,recall,1.0,0.0,1,0
MS-LS4-057,MS-LS4,recall,1.0,0.0,1,0
MS-LS4-058,MS-LS4,conceptual,1.0,0.0,1,0
MS-LS4-061,MS-LS4,conceptual,1.0,0.0,1,0
MS-LS4-067,MS-LS4,applied,1.0,0.0,1,0
MS-LS4-073,MS-LS4,recall,1.0,0.0,1,0
MS-LS4-074,MS-LS4,recall,1.0,0.0,1,0
MS-LS4-076,MS-LS4,conceptual,1.0,0.0,1,0
MS-LS4-077,MS-LS4,conceptual,1.0,0.0,1,0
MS-LS4-083,MS-LS4,applied,1.0,0.0,1,0
MS-LS4-086,MS-LS4,applied,1.0,0.0,1,0
MS-LS4-091,MS-LS4,conceptual,1.0,0.0,1,0
MS-LS4-092,MS-LS4,applied,1.0,0.0,1,0
MS-LS4-094,MS-LS4,conceptual,1.0,0.0,1,0
MS-PS1-064,MS-PS1,conceptual,0.444,0.385,0,0
MS-PS1-036,MS-PS1,applied,0.481,0.388,0,0
MS-PS1-076,MS-PS1,conceptual,0.481,0.319,0,0
MS-PS1-040,MS-PS1,applied,0.593,0.378,0,0
MS-PS1-023,MS-PS1,conceptual,0.63,0.367,0,0
MS-PS1-043,MS-PS1,applied,0.63,0.399,0,0
MS-PS1-015,MS-PS1,conceptual,0.704,0.367,0,0
MS-PS1-018,MS-PS1,conceptual,0.704,0.331,0,0
MS-PS1-042,MS-PS1,applied,0.704,0.331,0,0
MS-PS1-068,MS-PS1,applied,0.704,0.399,0,0
MS-PS1-003,MS-PS1,recall,0.741,0.305,0,0
MS-PS1-006,MS-PS1,recall,0.741,0.343,0,0
MS-PS1-066,MS-PS1,conceptual,0.741,0.305,0,0
MS-PS1-084,MS-PS1,applied,0.741,0.378,0,0
MS-PS1-014,MS-PS1,recall,0.778,0.351,0,0
MS-PS1-026,MS-PS1,conceptual,0.778,0.314,0,0
MS-PS1-028,MS-PS1,conceptual,0.778,0.351,0,0
MS-PS1-046,MS-PS1,applied,0.778,0.272,0,0
MS-PS1-070,MS-PS1,recall,0.778,0.351,0,0
MS-PS1-005,MS-PS1,recall,0.815,0.319,0,0
MS-PS1-013,MS-PS1,recall,0.815,0.355,0,0
MS-PS1-041,MS-PS1,applied,0.815,0.319,0,0
MS-PS1-061,MS-PS1,conceptual,0.815,0.166,0,0
MS-PS1-077,MS-PS1,conceptual,0.815,0.277,0,0
MS-PS1-089,MS-PS1,conceptual,0.815,0.319,0,0
MS-PS1-004,MS-PS1,recall,0.852,0.228,0,0
MS-PS1-020,MS-PS1,conceptual,0.852,0.228,0,0
MS-PS1-025,MS-PS1,conceptual,0.852,0.228,0,0
MS-PS1-033,MS-PS1,applied,0.852,0.228,0,0
MS-PS1-052,MS-PS1,conceptual,0.852,0.228,0,0
MS-PS1-063,MS-PS1,conceptual,0.852,0.228,0,0
MS-PS1-065,MS-PS1,conceptual,0.852,0.319,0,0
MS-PS1-071,MS-PS1,conceptual,0.852,0.277,0,0
MS-PS1-072,MS-PS1,conceptual,0.852,0.319,0,0
MS-PS1-086,MS-PS1,conceptual,0.852,0.228,0,0
MS-PS1-088,MS-PS1,conceptual,0.852,0.166,0,0
MS-PS1-001,MS-PS1,recall,0.889,0.157,0,0
MS-PS1-009,MS-PS1,recall,0.889,0.157,0,0
MS-PS1-027,MS-PS1,conceptual,0.889,0.157,0,0
MS-PS1-059,MS-PS1,applied,0.889,0.157,0,0
MS-PS1-060,MS-PS1,applied,0.889,0.222,0,0
MS-PS1-062,MS-PS1,conceptual,0.889,0.157,0,0
MS-PS1-085,MS-PS1,recall,0.889,0.157,0,0
MS-PS1-017,MS-PS1,conceptual,0.926,0.139,0,0
MS-PS1-032,MS-PS1,applied,0.926,0.139,0,0
MS-PS1-039,MS-PS1,applied,0.926,0.139,0,0
MS-PS1-047,MS-PS1,recall,0.926,0.139,0,0
MS-PS1-048,MS-PS1,recall,0.926,0.139,0,0
MS-PS1-049,MS-PS1,recall,0.926,0.139,0,0
MS-PS1-054,MS-PS1,applied,0.926,0.139,0,0
MS-PS1-055,MS-PS1,applied,0.926,0.21,0,0
MS-PS1-057,MS-PS1,applied,0.926,0.139,0,0
MS-PS1-058,MS-PS1,applied,0.926,0.21,0,0
MS-PS1-067,MS-PS1,applied,0.926,0.21,0,0
MS-PS1-079,MS-PS1,applied,0.926,0.139,0,0
MS-PS1-080,MS-PS1,applied,0.926,0.139,0,0
MS-PS1-010,MS-PS1,recall,0.963,0.105,1,0
MS-PS1-011,MS-PS1,recall,0.963,0.105,1,0
MS-PS1-016,MS-PS1,conceptual,0.963,0.105,1,0
MS-PS1-019,MS-PS1,conceptual,0.963,0.105,1,0
MS-PS1-021,MS-PS1,conceptual,0.963,0.105,1,0
MS-PS1-024,MS-PS1,conceptual,0.963,0.105,1,0
MS-PS1-029,MS-PS1,applied,0.963,0.105,1,0
MS-PS1-034,MS-PS1,applied,0.963,0.105,1,0
MS-PS1-037,MS-PS1,applied,0.963,0.105,1,0
MS-PS1-038,MS-PS1,applied,0.963,0.105,1,0
MS-PS1-051,MS-PS1,recall,0.963,0.105,1,0
MS-PS1-053,MS-PS1,applied,0.963,0.105,1,0
MS-PS1-069,MS-PS1,recall,0.963,0.105,1,0
MS-PS1-074,MS-PS1,conceptual,0.963,0.105,1,0
MS-PS1-075,MS-PS1,conceptual,0.963,0.105,1,0
MS-PS1-078,MS-PS1,applied,0.963,0.105,1,0
MS-PS1-083,MS-PS1,conceptual,0.963,0.105,1,0
MS-PS1-087,MS-PS1,conceptual,0.963,0.105,1,0
MS-PS1-090,MS-PS1,conceptual,0.963,0.105,1,0
MS-PS1-007,MS-PS1,recall,1.0,0.0,1,0
MS-PS1-008,MS-PS1,recall,1.0,0.0,1,0
MS-PS1-012,MS-PS1,recall,1.0,0.0,1,0
MS-PS1-022,MS-PS1,conceptual,1.0,0.0,1,0
MS-PS1-030,MS-PS1,applied,1.0,0.0,1,0
MS-PS1-031,MS-PS1,applied,1.0,0.0,1,0
MS-PS1-035,MS-PS1,applied,1.0,0.0,1,0
MS-PS1-045,MS-PS1,applied,1.0,0.0,1,0
MS-PS1-050,MS-PS1,recall,1.0,0.0,1,0
MS-PS1-073,MS-PS1,recall,1.0,0.0,1,0
MS-PS1-081,MS-PS1,recall,1.0,0.0,1,0
MS-PS1-082,MS-PS1,applied,1.0,0.0,1,0
MS-PS2-047,MS-PS2,applied,0.148,0.319,0,0
MS-PS2-048,MS-PS2,applied,0.407,0.378,0,0
MS-PS2-058,MS-PS2,applied,0.444,0.314,0,0
MS-PS2-038,MS-PS2,conceptual,0.481,0.388,0,0
MS-PS2-032,MS-PS2,conceptual,0.519,0.388,0,0
MS-PS2-063,MS-PS2,applied,0.63,0.399,0,0
MS-PS2-062,MS-PS2,applied,0.667,0.416,0,0
MS-PS2-072,MS-PS2,applied,0.667,0.416,0,0
MS-PS2-033,MS-PS2,conceptual,0.704,0.246,0,0
MS-PS2-042,MS-PS2,conceptual,0.704,0.246,0,0
MS-PS2-054,MS-PS2,applied,0.704,0.292,0,0
MS-PS2-016,MS-PS2,conceptual,0.778,0.314,0,0
MS-PS2-030,MS-PS2,conceptual,0.778,0.272,0,0
MS-PS2-041,MS-PS2,conceptual,0.778,0.222,0,0
MS-PS2-046,MS-PS2,applied,0.778,0.314,0,0
MS-PS2-088,MS-PS2,applied,0.778,0.272,0,0
MS-PS2-014,MS-PS2,recall,0.815,0.277,0,0
MS-PS2-020,MS-PS2,conceptual,0.815,0.319,0,0
MS-PS2-031,MS-PS2,conceptual,0.815,0.319,0,0
MS-PS2-045,MS-PS2,applied,0.815,0.355,0,0
MS-PS2-052,MS-PS2,applied,0.815,0.228,0,0
MS-PS2-061,MS-PS2,applied,0.815,0.319,0,0
MS-PS2-070,MS-PS2,conceptual,0.815,0.228,0,0
MS-PS2-081,MS-PS2,recall,0.815,0.277,0,0
MS-PS2-009,MS-PS2,recall,0.852,0.228,0,0
MS-PS2-019,MS-PS2,conceptual,0.852,0.319,0,0
MS-PS2-023,MS-PS2,conceptual,0.852,0.228,0,0
MS-PS2-057,MS-PS2,applied,0.852,0.228,0,0
MS-PS2-059,MS-PS2,applied,0.852,0.319,0,0
MS-PS2-069,MS-PS2,conceptual,0.852,0.166,0,0
MS-PS2-075,MS-PS2,applied,0.852,0.319,0,0
MS-PS2-092,MS-PS2,applied,0.852,0.228,0,0
MS-PS2-026,MS-PS2,conceptual,0.889,0.222,0,0
MS-PS2-040,MS-PS2,conceptual,0.889,0.157,0,0
MS-PS2-068,MS-PS2,recall,0.889,0.157,0,0
MS-PS2-078,MS-PS2,applied,0.889,0.157,0,0
MS-PS2-082,MS-PS2,recall,0.889,0.222,0,0
MS-PS2-090,MS-PS2,recall,0.889,0.157,0,0
MS-PS2-013,MS-PS2,recall,0.926,0.139,0,0
MS-PS2-017,MS-PS2,conceptual,0.926,0.21,0,0
MS-PS2-018,MS-PS2,conceptual,0.926,0.139,0,0
MS-PS2-028,MS-PS2,conceptual,0.926,0.139,0,0
MS-PS2-064,MS-PS2,applied,0.926,0.139,0,0
MS-PS2-071,MS-PS2,conceptual,0.926,0.139,0,0
MS-PS2-076,MS-PS2,applied,0.926,0.139,0,0
MS-PS2-080,MS-PS2,recall,0.926,0.21,0,0
MS-PS2-086,MS-PS2,recall,0.926,0.21,0,0
MS-PS2-001,MS-PS2,recall,0.963,0.105,1,0
MS-PS2-005,MS-PS2,recall,0.963,0.105,1,0
MS-PS2-006,MS-PS2,recall,0.963,0.105,1,0
MS-PS2-011,MS-PS2,recall,0.963,0.105,1,0
MS-PS2-021,MS-PS2,conceptual,0.963,0.105,1,0
MS-PS2-022,MS-PS2,conceptual,0.963,0.105,1,0
MS-PS2-025,MS-PS2,conceptual,0.963,0.105,1,0
MS-PS2-034,MS-PS2,conceptual,0.963,0.105,1,0
MS-PS2-036,MS-PS2,conceptual,0.963,0.105,1,0
MS-PS2-039,MS-PS2,conceptual,0.963,0.105,1,0
MS-PS2-043,MS-PS2,conceptual,0.963,0.105,1,0
MS-PS2-044,MS-PS2,applied,0.963,0.105,1,0
MS-PS2-049,MS-PS2,applied,0.963,0.105,1,0
MS-PS2-050,MS-PS2,applied,0.963,0.105,1,0
MS-PS2-053,MS-PS2,applied,0.963,0.105,1,0
MS-PS2-056,MS-PS2,applied,0.963,0.105,1,0
MS-PS2-065,MS-PS2,recall,0.963,0.105,1,0
MS-PS2-066,MS-PS2,recall,0.963,0.105,1,0
MS-PS2-067,MS-PS2,recall,0.963,0.105,1,0
MS-PS2-074,MS-PS2,applied,0.963,0.105,1,0
MS-PS2-077,MS-PS2,applied,0.963,0.105,1,0
MS-PS2-079,MS-PS2,applied,0.963,0.105,1,0
MS-PS2-083,MS-PS2,applied,0.963,0.105,1,0
MS-PS2-084,MS-PS2,recall,0.963,0.105,1,0
MS-PS2-085,MS-PS2,recall,0.963,0.105,1,0
MS-PS2-091,MS-PS2,conceptual,0.963,0.105,1,0
MS-PS2-093,MS-PS2,recall,0.963,0.105,1,0
MS-PS2-096,MS-PS2,recall,0.963,0.105,1,0
MS-PS2-002,MS-PS2,recall,1.0,0.0,1,0
MS-PS2-003,MS-PS2,recall,1.0,0.0,1,0
MS-PS2-004,MS-PS2,recall,1.0,0.0,1,0
MS-PS2-007,MS-PS2,recall,1.0,0.0,1,0
MS-PS2-008,MS-PS2,recall,1.0,0.0,1,0
MS-PS2-012,MS-PS2,recall,1.0,0.0,1,0
MS-PS2-015,MS-PS2,conceptual,1.0,0.0,1,0
MS-PS2-024,MS-PS2,conceptual,1.0,0.0,1,0
MS-PS2-027,MS-PS2,conceptual,1.0,0.0,1,0
MS-PS2-029,MS-PS2,conceptual,1.0,0.0,1,0
MS-PS2-055,MS-PS2,applied,1.0,0.0,1,0
MS-PS2-073,MS-PS2,applied,1.0,0.0,1,0
MS-PS2-087,MS-PS2,recall,1.0,0.0,1,0
MS-PS2-089,MS-PS2,applied,1.0,0.0,1,0
MS-PS2-094,MS-PS2,recall,1.0,0.0,1,0
MS-PS2-095,MS-PS2,recall,1.0,0.0,1,0
MS-PS3-087,MS-PS3,recall,0.63,0.292,0,0
MS-PS3-028,MS-PS3,conceptual,0.667,0.416,0,0
MS-PS3-061,MS-PS3,conceptual,0.704,0.367,0,0
MS-PS3-011,MS-PS3,recall,0.741,0.343,0,0
MS-PS3-079,MS-PS3,recall,0.741,0.343,0,0
MS-PS3-035,MS-PS3,conceptual,0.778,0.222,0,0
MS-PS3-054,MS-PS3,applied,0.778,0.314,0,0
MS-PS3-062,MS-PS3,conceptual,0.778,0.351,0,0
MS-PS3-074,MS-PS3,applied,0.778,0.272,0,0
MS-PS3-082,MS-PS3,conceptual,0.778,0.222,0,0
MS-PS3-017,MS-PS3,conceptual,0.815,0.355,0,0
MS-PS3-034,MS-PS3,conceptual,0.815,0.277,0,0
MS-PS3-050,MS-PS3,applied,0.815,0.355,0,0
MS-PS3-063,MS-PS3,conceptual,0.815,0.277,0,0
MS-PS3-081,MS-PS3,conceptual,0.815,0.277,0,0
MS-PS3-010,MS-PS3,recall,0.852,0.319,0,0
MS-PS3-045,MS-PS3,applied,0.852,0.319,0,0
MS-PS3-064,MS-PS3,conceptual,0.852,0.228,0,0
MS-PS3-071,MS-PS3,applied,0.852,0.228,0,0
MS-PS3-083,MS-PS3,applied,0.852,0.319,0,0
MS-PS3-005,MS-PS3,recall,0.889,0.222,0,0
MS-PS3-008,MS-PS3,recall,0.889,0.222,0,0
MS-PS3-009,MS-PS3,recall,0.889,0.157,0,0
MS-PS3-026,MS-PS3,conceptual,0.889,0.157,0,0
MS-PS3-044,MS-PS3,applied,0.889,0.222,0,0
MS-PS3-048,MS-PS3,applied,0.889,0.314,0,0
MS-PS3-051,MS-PS3,applied,0.889,0.222,0,0
MS-PS3-073,MS-PS3,applied,0.889,0.222,0,0
MS-PS3-080,MS-PS3,conceptual,0.889,0.157,0,0
MS-PS3-012,MS-PS3,recall,0.926,0.139,0,0
MS-PS3-018,MS-PS3,conceptual,0.926,0.21,0,0
MS-PS3-022,MS-PS3,conceptual,0.926,0.139,0,0
MS-PS3-023,MS-PS3,conceptual,0.926,0.139,0,0
MS-PS3-024,MS-PS3,conceptual,0.926,0.139,0,0
MS-PS3-025,MS-PS3,conceptual,0.926,0.139,0,0
MS-PS3-027,MS-PS3,conceptual,0.926,0.139,0,0
MS-PS3-029,MS-PS3,conceptual,0.926,0.139,0,0
MS-PS3-036,MS-PS3,conceptual,0.926,0.139,0,0
MS-PS3-037,MS-PS3,applied,0.926,0.21,0,0
MS-PS3-038,MS-PS3,applied,0.926,0.139,0,0
MS-PS3-056,MS-PS3,applied,0.926,0.139,0,0
MS-PS3-059,MS-PS3,recall,0.926,0.21,0,0
MS-PS3-068,MS-PS3,applied,0.926,0.139,0,0
MS-PS3-069,MS-PS3,applied,0.926,0.139,0,0
MS-PS3-075,MS-PS3,applied,0.926,0.21,0,0
MS-PS3-084,MS-PS3,conceptual,0.926,0.139,0,0
MS-PS3-085,MS-PS3,applied,0.926,0.139,0,0
MS-PS3-001,MS-PS3,recall,0.963,0.105,1,0
MS-PS3-002,MS-PS3,recall,0.963,0.105,1,0
MS-PS3-006,MS-PS3,recall,0.963,0.105,1,0
MS-PS3-007,MS-PS3,recall,0.963,0.105,1,0
MS-PS3-014,MS-PS3,recall,0.963,0.105,1,0
MS-PS3-019,MS-PS3,conceptual,0.963,0.105,1,0
MS-PS3-020,MS-PS3,conceptual,0.963,0.105,1,0
MS-PS3-021,MS-PS3,conceptual,0.963,0.105,1,0
MS-PS3-030,MS-PS3,conceptual,0.963,0.105,1,0
MS-PS3-032,MS-PS3,conceptual,0.963,0.105,1,0
MS-PS3-040,MS-PS3,applied,0.963,0.105,1,0
MS-PS3-041,MS-PS3,applied,0.963,0.105,1,0
MS-PS3-046,MS-PS3,applied,0.963,0.105,1,0
MS-PS3-049,MS-PS3,applied,0.963,0.105,1,0
MS-PS3-052,MS-PS3,applied,0.963,0.105,1,0
MS-PS3-066,MS-PS3,conceptual,0.963,0.105,1,0
MS-PS3-070,MS-PS3,applied,0.963,0.105,1,0
MS-PS3-077,MS-PS3,recall,0.963,0.105,1,0
MS-PS3-088,MS-PS3,conceptual,0.963,0.105,1,0
MS-PS3-089,MS-PS3,conceptual,0.963,0.105,1,0
MS-PS3-003,MS-PS3,recall,1.0,0.0,1,0
MS-PS3-004,MS-PS3,recall,1.0,0.0,1,0
MS-PS3-013,MS-PS3,recall,1.0,0.0,1,0
MS-PS3-015,MS-PS3,recall,1.0,0.0,1,0
MS-PS3-016,MS-PS3,conceptual,1.0,0.0,1,0
MS-PS3-039,MS-PS3,applied,1.0,0.0,1,0
MS-PS3-042,MS-PS3,applied,1.0,0.0,1,0
MS-PS3-043,MS-PS3,applied,1.0,0.0,1,0
MS-PS3-047,MS-PS3,applied,1.0,0.0,1,0
MS-PS3-053,MS-PS3,applied,1.0,0.0,1,0
MS-PS3-055,MS-PS3,applied,1.0,0.0,1,0
MS-PS3-057,MS-PS3,applied,1.0,0.0,1,0
MS-PS3-060,MS-PS3,recall,1.0,0.0,1,0
MS-PS3-067,MS-PS3,applied,1.0,0.0,1,0
MS-PS3-072,MS-PS3,applied,1.0,0.0,1,0
MS-PS3-076,MS-PS3,recall,1.0,0.0,1,0
MS-PS3-086,MS-PS3,recall,1.0,0.0,1,0
MS-PS4-065,MS-PS4,applied,0.481,0.319,0,0
MS-PS4-052,MS-PS4,conceptual,0.593,0.438,0,0
MS-PS4-037,MS-PS4,applied,0.704,0.399,0,0
MS-PS4-023,MS-PS4,conceptual,0.741,0.21,0,0
MS-PS4-026,MS-PS4,conceptual,0.741,0.343,0,0
MS-PS4-072,MS-PS4,conceptual,0.741,0.305,0,0
MS-PS4-007,MS-PS4,recall,0.778,0.416,0,0
MS-PS4-018,MS-PS4,conceptual,0.778,0.272,0,0
MS-PS4-045,MS-PS4,applied,0.778,0.351,0,0
MS-PS4-061,MS-PS4,conceptual,0.778,0.222,0,0
MS-PS4-027,MS-PS4,conceptual,0.815,0.228,0,0
MS-PS4-036,MS-PS4,applied,0.815,0.228,0,0
MS-PS4-044,MS-PS4,applied,0.815,0.355,0,0
MS-PS4-063,MS-PS4,conceptual,0.815,0.228,0,0
MS-PS4-064,MS-PS4,conceptual,0.815,0.228,0,0
MS-PS4-009,MS-PS4,recall,0.852,0.228,0,0
MS-PS4-021,MS-PS4,conceptual,0.852,0.319,0,0
MS-PS4-032,MS-PS4,applied,0.852,0.319,0,0
MS-PS4-055,MS-PS4,applied,0.852,0.228,0,0
MS-PS4-089,MS-PS4,conceptual,0.852,0.166,0,0
MS-PS4-003,MS-PS4,recall,0.889,0.157,0,0
MS-PS4-048,MS-PS4,applied,0.889,0.222,0,0
MS-PS4-056,MS-PS4,applied,0.889,0.222,0,0
MS-PS4-058,MS-PS4,applied,0.889,0.157,0,0
MS-PS4-060,MS-PS4,recall,0.889,0.222,0,0
MS-PS4-062,MS-PS4,conceptual,0.889,0.222,0,0
MS-PS4-069,MS-PS4,recall,0.889,0.157,0,0
MS-PS4-074,MS-PS4,conceptual,0.889,0.157,0,0
MS-PS4-083,MS-PS4,conceptual,0.889,0.222,0,0
MS-PS4-086,MS-PS4,conceptual,0.889,0.222,0,0
MS-PS4-090,MS-PS4,applied,0.889,0.222,0,0
MS-PS4-015,MS-PS4,recall,0.926,0.139,0,0
MS-PS4-022,MS-PS4,conceptual,0.926,0.21,0,0
MS-PS4-039,MS-PS4,applied,0.926,0.21,0,0
MS-PS4-041,MS-PS4,applied,0.926,0.139,0,0
MS-PS4-049,MS-PS4,applied,0.926,0.139,0,0
MS-PS4-066,MS-PS4,applied,0.926,0.139,0,0
MS-PS4-073,MS-PS4,conceptual,0.926,0.139,0,0
MS-PS4-077,MS-PS4,applied,0.926,0.21,0,0
MS-PS4-084,MS-PS4,applied,0.926,0.139,0,0
MS-PS4-006,MS-PS4,recall,0.963,0.105,1,0
MS-PS4-008,MS-PS4,recall,0.963,0.105,1,0
MS-PS4-013,MS-PS4,recall,0.963,0.105,1,0
MS-PS4-019,MS-PS4,conceptual,0.963,0.105,1,0
MS-PS4-030,MS-PS4,applied,0.963,0.105,1,0
MS-PS4-034,MS-PS4,applied,0.963,0.105,1,0
MS-PS4-042,MS-PS4,applied,0.963,0.105,1,0
MS-PS4-051,MS-PS4,conceptual,0.963,0.105,1,0
MS-PS4-053,MS-PS4,conceptual,0.963,0.105,1,0
MS-PS4-054,MS-PS4,applied,0.963,0.105,1,0
MS-PS4-071,MS-PS4,recall,0.963,0.105,1,0
MS-PS4-075,MS-PS4,conceptual,0.963,0.105,1,0
MS-PS4-078,MS-PS4,applied,0.963,0.105,1,0
MS-PS4-079,MS-PS4,recall,0.963,0.105,1,0
MS-PS4-080,MS-PS4,recall,0.963,0.105,1,0
MS-PS4-082,MS-PS4,recall,0.963,0.105,1,0
MS-PS4-092,MS-PS4,recall,0.963,0.105,1,0
MS-PS4-001,MS-PS4,recall,1.0,0.0,1,0
MS-PS4-004,MS-PS4,recall,1.0,0.0,1,0
MS-PS4-005,MS-PS4,recall,1.0,0.0,1,0
MS-PS4-010,MS-PS4,recall,1.0,0.0,1,0
MS-PS4-011,MS-PS4,recall,1.0,0.0,1,0
MS-PS4-012,MS-PS4,recall,1.0,0.0,1,0
MS-PS4-014,MS-PS4,recall,1.0,0.0,1,0
MS-PS4-016,MS-PS4,recall,1.0,0.0,1,0
MS-PS4-017,MS-PS4,conceptual,1.0,0.0,1,0
MS-PS4-020,MS-PS4,conceptual,1.0,0.0,1,0
MS-PS4-024,MS-PS4,conceptual,1.0,0.0,1,0
MS-PS4-025,MS-PS4,conceptual,1.0,0.0,1,0
MS-PS4-028,MS-PS4,conceptual,1.0,0.0,1,0
MS-PS4-029,MS-PS4,applied,1.0,0.0,1,0
MS-PS4-031,MS-PS4,applied,1.0,0.0,1,0
MS-PS4-033,MS-PS4,applied,1.0,0.0,1,0
MS-PS4-040,MS-PS4,applied,1.0,0.0,1,0
MS-PS4-043,MS-PS4,applied,1.0,0.0,1,0
MS-PS4-046,MS-PS4,applied,1.0,0.0,1,0
MS-PS4-047,MS-PS4,applied,1.0,0.0,1,0
MS-PS4-050,MS-PS4,recall,1.0,0.0,1,0
MS-PS4-057,MS-PS4,applied,1.0,0.0,1,0
MS-PS4-059,MS-PS4,recall,1.0,0.0,1,0
MS-PS4-067,MS-PS4,applied,1.0,0.0,1,0
MS-PS4-068,MS-PS4,recall,1.0,0.0,1,0
MS-PS4-070,MS-PS4,recall,1.0,0.0,1,0
MS-PS4-085,MS-PS4,conceptual,1.0,0.0,1,0
MS-PS4-087,MS-PS4,recall,1.0,0.0,1,0
MS-PS4-088,MS-PS4,conceptual,1.0,0.0,1,0
MS-PS4-091,MS-PS4,recall,1.0,0.0,1,0
MS-PS4-093,MS-PS4,recall,1.0,0.0,1,0
