model,area,n,input_mean,input_sd,output_mean,output_sd,reasoning_mean,reasoning_sd,total_mean,total_sd,total_sum,reasoning_available_frac
Gemma 3 27b,MS-ESS1,288,107.5,8.9,161.1,36.8,0.0,0.0,268.6,38.6,77363,0.0
Gemma 3 27b,MS-ESS2,282,106.4,9.9,161.2,37.7,0.0,0.0,267.6,37.9,75468,0.0
Gemma 3 27b,MS-ESS3,273,108.6,11.4,177.1,43.7,0.0,0.0,285.6,43.2,77972,0.0
Gemma 3 27b,MS-ETS1,264,115.9,21.3,170.1,35.2,0.0,0.0,286.0,32.9,75512,0.0
Gemma 3 27b,MS-LS1,267,107.7,10.9,170.4,36.0,0.0,0.0,278.1,37.3,74243,0.0
Gemma 3 27b,MS-LS2,288,107.3,11.3,166.8,39.6,0.0,0.0,274.1,40.4,78933,0.0
Gemma 3 27b,MS-LS3,255,108.0,10.1,167.7,45.7,0.0,0.0,275.7,46.0,70291,0.0
Gemma 3 27b,MS-LS4,267,111.8,15.5,178.4,38.2,0.0,0.0,290.2,37.5,77496,0.0
Gemma 3 27b,MS-PS1,261,107.2,9.9,160.7,37.8,0.0,0.0,268.0,37.0,69938,0.0
Gemma 3 27b,MS-PS2,273,108.8,8.5,149.9,30.0,0.0,0.0,258.7,29.6,70624,0.0
Gemma 3 27b,MS-PS3,252,108.7,10.1,151.5,31.3,0.0,0.0,260.2,32.7,65572,0.0
Gemma 3 27b,MS-PS4,264,108.6,11.4,154.2,36.4,0.0,0.0,262.8,37.6,69367,0.0
Gemma 4 31b,MS-ESS1,288,116.5,8.9,175.1,65.0,0.0,0.0,291.6,64.7,83972,0.0
Gemma 4 31b,MS-ESS2,282,115.4,9.9,188.1,59.1,0.0,0.0,303.5,56.5,85598,0.0
Gemma 4 31b,MS-ESS3,273,117.6,11.4,225.3,50.5,0.0,0.0,342.9,48.2,93604,0.0
Gemma 4 31b,MS-ETS1,264,124.9,21.3,224.6,72.5,0.0,0.0,349.5,59.0,92263,0.0
Gemma 4 31b,MS-LS1,267,116.7,10.9,209.9,61.7,0.0,0.0,326.6,60.4,87190,0.0
Gemma 4 31b,MS-LS2,288,116.3,11.3,218.0,55.2,0.0,0.0,334.4,53.1,96294,0.0
Gemma 4 31b,MS-LS3,255,117.0,10.1,204.3,79.3,0.0,0.0,321.2,76.5,81909,0.0
Gemma 4 31b,MS-LS4,267,120.8,15.5,201.4,58.7,0.0,0.0,322.3,54.1,86048,0.0
Gemma 4 31b,MS-PS1,261,116.2,9.9,179.0,64.3,0.0,0.0,295.3,60.8,77061,0.0
Gemma 4 31b,MS-PS2,273,117.8,8.5,169.4,50.8,0.0,0.0,287.2,48.0,78406,0.0
Gemma 4 31b,MS-PS3,252,117.7,10.1,182.3,50.4,0.0,0.0,300.1,48.2,75617,0.0
Gemma 4 31b,MS-PS4,264,117.6,11.4,194.8,60.8,0.0,0.0,312.4,59.9,82470,0.0
Granite 3.3 Instruct,MS-ESS1,288,120.9,10.1,173.4,94.3,0.0,0.0,294.3,94.9,84766,0.0
Granite 3.3 Instruct,MS-ESS2,282,120.6,11.6,194.4,92.7,0.0,0.0,315.0,94.3,88828,0.0
Granite 3.3 Instruct,MS-ESS3,273,123.0,12.8,222.7,90.6,0.0,0.0,345.7,91.1,94383,0.0
Granite 3.3 Instruct,MS-ETS1,264,129.3,24.0,161.2,78.4,0.0,0.0,290.5,78.8,76688,0.0
Granite 3.3 Instruct,MS-LS1,267,121.7,12.7,203.0,81.8,0.0,0.0,324.7,83.7,86701,0.0
Granite 3.3 Instruct,MS-LS2,288,122.2,14.3,217.2,92.6,0.0,0.0,339.4,93.6,97746,0.0
Granite 3.3 Instruct,MS-LS3,255,121.6,12.2,185.6,83.6,0.0,0.0,307.2,83.1,78333,0.0
Granite 3.3 Instruct,MS-LS4,267,127.7,18.0,199.1,88.3,0.0,0.0,326.9,87.6,87274,0.0
Granite 3.3 Instruct,MS-PS1,261,120.3,11.6,165.7,67.2,0.0,0.0,286.0,67.6,74647,0.0
Granite 3.3 Instruct,MS-PS2,273,122.3,9.9,166.6,60.9,0.0,0.0,289.0,61.2,78884,0.0
Granite 3.3 Instruct,MS-PS3,252,122.6,11.5,168.2,64.3,0.0,0.0,290.9,66.3,73295,0.0
Granite 3.3 Instruct,MS-PS4,264,121.7,13.0,168.0,69.3,0.0,0.0,289.7,71.4,76481,0.0
Llama 3.1 8b,MS-ESS1,288,130.5,8.8,194.8,71.9,0.0,0.0,325.3,73.3,93691,0.0
Llama 3.1 8b,MS-ESS2,282,129.8,9.9,200.6,66.0,0.0,0.0,330.4,66.3,93170,0.0
Llama 3.1 8b,MS-ESS3,273,131.6,11.2,235.1,59.8,0.0,0.0,366.7,60.4,100099,0.0
Llama 3.1 8b,MS-ETS1,264,138.5,20.7,216.2,56.0,0.0,0.0,354.7,54.6,93646,0.0
Llama 3.1 8b,MS-LS1,267,130.9,10.9,209.5,55.7,0.0,0.0,340.4,57.8,90898,0.0
Llama 3.1 8b,MS-LS2,288,130.8,11.8,221.8,61.3,0.0,0.0,352.6,63.4,101535,0.0
Llama 3.1 8b,MS-LS3,255,131.0,10.2,207.4,75.9,0.0,0.0,338.5,76.9,86305,0.0
Llama 3.1 8b,MS-LS4,267,134.9,15.2,217.5,67.5,0.0,0.0,352.4,68.2,94094,0.0
Llama 3.1 8b,MS-PS1,261,130.3,10.0,182.3,63.8,0.0,0.0,312.6,63.5,81582,0.0
Llama 3.1 8b,MS-PS2,273,131.7,8.5,176.3,48.2,0.0,0.0,308.0,47.3,84072,0.0
Llama 3.1 8b,MS-PS3,252,131.7,10.0,184.8,52.1,0.0,0.0,316.5,53.7,79748,0.0
Llama 3.1 8b,MS-PS4,264,131.6,11.4,188.2,54.7,0.0,0.0,319.8,57.5,84433,0.0
Llama 3.3 70b,MS-ESS1,288,130.5,8.8,148.3,55.3,0.0,0.0,278.8,56.6,80287,0.0
Llama 3.3 70b,MS-ESS2,282,129.8,9.9,145.0,50.3,0.0,0.0,274.7,50.7,77477,0.0
Llama 3.3 70b,MS-ESS3,273,131.6,11.2,169.8,50.9,0.0,0.0,301.4,52.5,82274,0.0
Llama 3.3 70b,MS-ETS1,264,138.5,20.7,154.7,48.3,0.0,0.0,293.2,42.9,77399,0.0
Llama 3.3 70b,MS-LS1,267,130.9,10.9,157.3,42.8,0.0,0.0,288.2,46.0,76955,0.0
Llama 3.3 70b,MS-LS2,288,130.8,11.8,160.6,44.5,0.0,0.0,291.4,46.6,83932,0.0
Llama 3.3 70b,MS-LS3,255,131.0,10.2,157.7,62.5,0.0,0.0,288.7,62.5,73627,0.0
Llama 3.3 70b,MS-LS4,267,134.9,15.2,164.5,50.6,0.0,0.0,299.4,50.6,79941,0.0
Llama 3.3 70b,MS-PS1,261,130.3,10.0,134.3,48.0,0.0,0.0,264.6,48.6,69071,0.0
Llama 3.3 70b,MS-PS2,273,131.7,8.5,138.0,41.6,0.0,0.0,269.7,40.7,73626,0.0
Llama 3.3 70b,MS-PS3,252,131.7,10.0,138.2,43.3,0.0,0.0,269.9,45.9,68008,0.0
Llama 3.3 70b,MS-PS4,264,131.6,11.4,139.2,45.0,0.0,0.0,270.8,48.6,71486,0.0
Mistral Small 3.1,MS-ESS1,288,103.8,8.9,198.6,79.3,0.0,0.0,302.4,80.9,87083,0.0
Mistral Small 3.1,MS-ESS2,282,102.9,10.1,210.5,74.3,0.0,0.0,313.5,75.3,88396,0.0
Mistral Small 3.1,MS-ESS3,273,104.8,11.6,245.9,74.9,0.0,0.0,350.7,77.1,95750,0.0
Mistral Small 3.1,MS-ETS1,264,112.2,21.5,220.8,67.9,0.0,0.0,333.0,62.9,87924,0.0
Mistral Small 3.1,MS-LS1,267,103.9,11.2,224.7,67.3,0.0,0.0,328.6,68.5,87738,0.0
Mistral Small 3.1,MS-LS2,288,103.9,12.0,228.5,61.1,0.0,0.0,332.4,63.3,95722,0.0
Mistral Small 3.1,MS-LS3,255,104.2,10.3,214.5,77.1,0.0,0.0,318.7,76.9,81273,0.0
Mistral Small 3.1,MS-LS4,267,108.3,15.9,216.0,70.1,0.0,0.0,324.3,70.5,86578,0.0
Mistral Small 3.1,MS-PS1,261,103.4,10.1,194.0,70.2,0.0,0.0,297.3,69.8,77608,0.0
Mistral Small 3.1,MS-PS2,273,104.9,8.7,180.8,53.3,0.0,0.0,285.8,52.6,78014,0.0
Mistral Small 3.1,MS-PS3,252,105.1,10.5,184.6,48.3,0.0,0.0,289.7,49.0,72996,0.0
Mistral Small 3.1,MS-PS4,264,104.8,11.7,190.1,56.8,0.0,0.0,295.0,58.8,77870,0.0
Nemotron 3 Nano 30ba3,MS-ESS1,288,114.8,8.9,329.4,219.9,0.0,0.0,444.2,221.3,127925,0.0
Nemotron 3 Nano 30ba3,MS-ESS2,282,113.9,10.1,322.5,162.3,0.0,0.0,436.4,163.9,123061,0.0
Nemotron 3 Nano 30ba3,MS-ESS3,273,115.8,11.6,354.0,174.8,0.0,0.0,469.8,175.6,128251,0.0
Nemotron 3 Nano 30ba3,MS-ETS1,264,123.2,21.5,304.1,150.5,0.0,0.0,427.4,150.6,112827,0.0
Nemotron 3 Nano 30ba3,MS-LS1,267,114.9,11.2,307.2,114.6,0.0,0.0,422.1,116.2,112699,0.0
Nemotron 3 Nano 30ba3,MS-LS2,288,114.9,12.0,328.2,290.1,0.0,0.0,443.1,290.4,127614,0.0
Nemotron 3 Nano 30ba3,MS-LS3,255,115.2,10.3,298.0,135.6,0.0,0.0,413.2,136.3,105370,0.0
Nemotron 3 Nano 30ba3,MS-LS4,267,119.3,15.9,338.2,247.3,0.0,0.0,457.5,247.3,122151,0.0
Nemotron 3 Nano 30ba3,MS-PS1,261,114.4,10.1,305.8,177.0,0.0,0.0,420.2,177.8,109663,0.0
Nemotron 3 Nano 30ba3,MS-PS2,273,115.9,8.7,299.0,134.1,0.0,0.0,414.9,134.9,113270,0.0
Nemotron 3 Nano 30ba3,MS-PS3,252,116.1,10.5,302.0,181.2,0.0,0.0,418.1,181.7,105355,0.0
Nemotron 3 Nano 30ba3,MS-PS4,264,115.8,11.7,317.3,133.8,0.0,0.0,433.1,134.9,114350,0.0
OSS 120b,MS-ESS1,288,165.3,8.7,451.6,270.6,0.0,0.0,616.9,271.1,177663,0.0
OSS 120b,MS-ESS2,282,164.5,9.9,423.1,180.0,0.0,0.0,587.7,179.7,165721,0.0
OSS 120b,MS-ESS3,273,166.3,11.2,491.8,184.5,0.0,0.0,658.2,184.9,179675,0.0
OSS 120b,MS-ETS1,264,173.5,20.6,475.7,175.3,0.0,0.0,649.2,168.3,171399,0.0
OSS 120b,MS-LS1,267,165.7,10.8,476.1,178.7,0.0,0.0,641.8,180.7,171370,0.0
OSS 120b,MS-LS2,288,165.6,11.7,432.4,160.0,0.0,0.0,598.1,160.3,172241,0.0
OSS 120b,MS-LS3,255,165.9,10.0,404.7,172.9,0.0,0.0,570.7,173.5,145519,0.0
OSS 120b,MS-LS4,267,169.8,15.1,441.2,157.2,0.0,0.0,611.0,154.6,163132,0.0
OSS 120b,MS-PS1,261,165.2,9.9,423.2,186.5,0.0,0.0,588.4,187.0,153574,0.0
OSS 120b,MS-PS2,273,166.6,8.5,435.9,150.1,0.0,0.0,602.5,149.7,164481,0.0
OSS 120b,MS-PS3,252,166.6,10.0,430.4,142.2,0.0,0.0,597.0,143.1,150440,0.0
OSS 120b,MS-PS4,264,166.5,11.3,444.3,155.2,0.0,0.0,610.8,157.2,161252,0.0
OSS 20b,MS-ESS1,288,165.3,8.7,430.2,295.9,0.0,0.0,595.5,298.1,171511,0.0
OSS 20b,MS-ESS2,282,164.5,9.9,386.0,183.1,0.0,0.0,550.5,184.7,155244,0.0
OSS 20b,MS-ESS3,273,166.3,11.2,417.7,180.5,0.0,0.0,584.1,183.1,159448,0.0
OSS 20b,MS-ETS1,264,173.5,20.6,381.3,147.4,0.0,0.0,554.8,146.0,146460,0.0
OSS 20b,MS-LS1,267,165.7,10.8,388.2,157.2,0.0,0.0,553.9,159.5,147891,0.0
OSS 20b,MS-LS2,288,165.6,11.7,368.2,146.1,0.0,0.0,533.9,147.5,153750,0.0
OSS 20b,MS-LS3,255,165.9,10.0,355.9,158.7,0.0,0.0,521.8,160.0,133057,0.0
OSS 20b,MS-LS4,267,169.8,15.1,400.4,161.5,0.0,0.0,570.1,161.2,152222,0.0
OSS 20b,MS-PS1,261,165.2,9.9,380.0,172.8,0.0,0.0,545.1,175.2,142283,0.0
OSS 20b,MS-PS2,273,166.6,8.5,392.3,181.7,0.0,0.0,558.9,182.3,152582,0.0
OSS 20b,MS-PS3,252,166.6,10.0,387.2,152.1,0.0,0.0,553.9,154.8,139575,0.0
OSS 20b,MS-PS4,264,166.5,11.3,379.9,150.4,0.0,0.0,546.4,154.7,144246,0.0
